Archivo,Peso (KB),Algoritmo,Energia Encrypt (J),Energia Encrypt (J/byte),Energia Decrypt (J),Energia Decrypt (J/byte)
audio_001.mp3,25.85,AES,0.0114,0.00000043,0.0001,0.00000000
audio_001.mp3,25.85,3DES,0.2106,0.00000796,0.0057,0.00000021
audio_001.mp3,25.85,ChaCha20,0.0001,0.00000000,0.0010,0.00000004
audio_001.mp3,25.85,Camellia,0.0007,0.00000003,0.0000,0.00000000
audio_002.mp3,74.83,AES,0.0002,0.00000000,0.0002,0.00000000
audio_002.mp3,74.83,3DES,0.0479,0.00000063,0.0432,0.00000056
audio_002.mp3,74.83,ChaCha20,0.0004,0.00000001,0.0000,0.00000000
audio_002.mp3,74.83,Camellia,0.0002,0.00000000,0.0018,0.00000002
audio_003.mp3,123.19,AES,0.0014,0.00000001,0.0001,0.00000000
audio_003.mp3,123.19,3DES,0.0364,0.00000029,0.0099,0.00000008
audio_003.mp3,123.19,ChaCha20,0.0001,0.00000000,0.0012,0.00000001
audio_003.mp3,123.19,Camellia,0.0037,0.00000003,0.0006,0.00000000
audio_004.mp3,172.17,AES,0.0002,0.00000000,0.0000,0.00000000
audio_004.mp3,172.17,3DES,0.0471,0.00000027,0.1884,0.00000107
audio_004.mp3,172.17,ChaCha20,0.0009,0.00000001,0.0004,0.00000000
audio_004.mp3,172.17,Camellia,0.0015,0.00000001,0.0008,0.00000000
audio_005.mp3,220.54,AES,0.0009,0.00000000,0.0005,0.00000000
audio_005.mp3,220.54,3DES,0.0878,0.00000039,0.1240,0.00000055
audio_005.mp3,220.54,ChaCha20,0.0004,0.00000000,0.0007,0.00000000
audio_005.mp3,220.54,Camellia,0.0015,0.00000001,0.0011,0.00000000
audio_006.mp3,269.52,AES,0.0002,0.00000000,0.0004,0.00000000
audio_006.mp3,269.52,3DES,0.8875,0.00000322,0.3750,0.00000136
audio_006.mp3,269.52,ChaCha20,0.0009,0.00000000,0.0006,0.00000000
audio_006.mp3,269.52,Camellia,0.0023,0.00000001,0.0090,0.00000003
audio_007.mp3,318.50,AES,0.0008,0.00000000,0.0019,0.00000001
audio_007.mp3,318.50,3DES,0.1203,0.00000037,0.1146,0.00000035
audio_007.mp3,318.50,ChaCha20,0.0034,0.00000001,0.0008,0.00000000
audio_007.mp3,318.50,Camellia,0.0030,0.00000001,0.0006,0.00000000
audio_008.mp3,366.87,AES,0.0010,0.00000000,0.0016,0.00000000
audio_008.mp3,366.87,3DES,0.1831,0.00000049,0.1564,0.00000042
audio_008.mp3,366.87,ChaCha20,0.0003,0.00000000,0.0023,0.00000001
audio_008.mp3,366.87,Camellia,0.0138,0.00000004,0.0023,0.00000001
audio_009.mp3,415.85,AES,0.0020,0.00000000,0.0007,0.00000000
audio_009.mp3,415.85,3DES,0.1545,0.00000036,0.7614,0.00000179
audio_009.mp3,415.85,ChaCha20,0.0002,0.00000000,0.0007,0.00000000
audio_009.mp3,415.85,Camellia,0.0048,0.00000001,0.0057,0.00000001
audio_010.mp3,464.21,AES,0.0058,0.00000001,0.0001,0.00000000
audio_010.mp3,464.21,3DES,0.3236,0.00000068,0.1281,0.00000027
audio_010.mp3,464.21,ChaCha20,0.0015,0.00000000,0.0006,0.00000000
audio_010.mp3,464.21,Camellia,0.0039,0.00000001,0.0013,0.00000000
audio_011.mp3,513.19,AES,0.0017,0.00000000,0.0015,0.00000000
audio_011.mp3,513.19,3DES,0.4126,0.00000079,0.1794,0.00000034
audio_011.mp3,513.19,ChaCha20,0.0001,0.00000000,0.0023,0.00000000
audio_011.mp3,513.19,Camellia,0.0153,0.00000003,0.0078,0.00000001
audio_012.mp3,561.56,AES,0.0002,0.00000000,0.0005,0.00000000
audio_012.mp3,561.56,3DES,0.2107,0.00000037,0.3162,0.00000055
audio_012.mp3,561.56,ChaCha20,0.0005,0.00000000,0.0009,0.00000000
audio_012.mp3,561.56,Camellia,0.0046,0.00000001,0.0113,0.00000002
audio_013.mp3,610.54,AES,0.0000,0.00000000,0.0021,0.00000000
audio_013.mp3,610.54,3DES,0.2226,0.00000036,0.2886,0.00000046
audio_013.mp3,610.54,ChaCha20,0.0008,0.00000000,0.0021,0.00000000
audio_013.mp3,610.54,Camellia,0.0013,0.00000000,0.0059,0.00000001
audio_014.mp3,659.52,AES,0.0039,0.00000001,0.0021,0.00000000
audio_014.mp3,659.52,3DES,0.2454,0.00000036,0.2175,0.00000032
audio_014.mp3,659.52,ChaCha20,0.0020,0.00000000,0.0016,0.00000000
audio_014.mp3,659.52,Camellia,0.0023,0.00000000,0.0016,0.00000000
audio_015.mp3,707.89,AES,0.0007,0.00000000,0.0023,0.00000000
audio_015.mp3,707.89,3DES,0.2054,0.00000028,0.2093,0.00000029
audio_015.mp3,707.89,ChaCha20,0.0024,0.00000000,0.0013,0.00000000
audio_015.mp3,707.89,Camellia,0.0017,0.00000000,0.0018,0.00000000
audio_016.mp3,756.87,AES,0.0005,0.00000000,0.0012,0.00000000
audio_016.mp3,756.87,3DES,0.5900,0.00000076,0.2351,0.00000030
audio_016.mp3,756.87,ChaCha20,0.0004,0.00000000,0.0013,0.00000000
audio_016.mp3,756.87,Camellia,0.0027,0.00000000,0.0040,0.00000001
audio_017.mp3,805.23,AES,0.0027,0.00000000,0.0016,0.00000000
audio_017.mp3,805.23,3DES,0.5767,0.00000070,0.2941,0.00000036
audio_017.mp3,805.23,ChaCha20,0.0006,0.00000000,0.0052,0.00000001
audio_017.mp3,805.23,Camellia,0.0087,0.00000001,0.0010,0.00000000
audio_018.mp3,854.21,AES,0.0006,0.00000000,0.0034,0.00000000
audio_018.mp3,854.21,3DES,0.5532,0.00000063,0.3179,0.00000036
audio_018.mp3,854.21,ChaCha20,0.0014,0.00000000,0.0092,0.00000001
audio_018.mp3,854.21,Camellia,0.0250,0.00000003,0.0072,0.00000001
audio_019.mp3,902.58,AES,0.0015,0.00000000,0.0042,0.00000000
audio_019.mp3,902.58,3DES,0.6575,0.00000071,0.3680,0.00000040
audio_019.mp3,902.58,ChaCha20,0.0012,0.00000000,0.0074,0.00000001
audio_019.mp3,902.58,Camellia,0.0201,0.00000002,0.0185,0.00000002
audio_020.mp3,951.56,AES,0.0018,0.00000000,0.0009,0.00000000
audio_020.mp3,951.56,3DES,0.5774,0.00000059,0.7934,0.00000081
audio_020.mp3,951.56,ChaCha20,0.0000,0.00000000,0.0002,0.00000000
audio_020.mp3,951.56,Camellia,0.0167,0.00000002,0.0061,0.00000001
audio_021.mp3,999.93,AES,0.0020,0.00000000,0.0017,0.00000000
audio_021.mp3,999.93,3DES,0.7435,0.00000073,0.3475,0.00000034
audio_021.mp3,999.93,ChaCha20,0.0044,0.00000000,0.0032,0.00000000
audio_021.mp3,999.93,Camellia,0.0069,0.00000001,0.0027,0.00000000
audio_022.mp3,1048.91,AES,0.0007,0.00000000,0.0059,0.00000001
audio_022.mp3,1048.91,3DES,0.6093,0.00000057,0.3541,0.00000033
audio_022.mp3,1048.91,ChaCha20,0.0063,0.00000001,0.0022,0.00000000
audio_022.mp3,1048.91,Camellia,0.0133,0.00000001,0.0097,0.00000001
audio_023.mp3,1097.89,AES,0.0080,0.00000001,0.0062,0.00000001
audio_023.mp3,1097.89,3DES,0.3411,0.00000030,0.4944,0.00000044
audio_023.mp3,1097.89,ChaCha20,0.0027,0.00000000,0.0004,0.00000000
audio_023.mp3,1097.89,Camellia,0.0000,0.00000000,0.0013,0.00000000
audio_024.mp3,1146.25,AES,0.0023,0.00000000,0.0025,0.00000000
audio_024.mp3,1146.25,3DES,0.5607,0.00000048,0.7196,0.00000061
audio_024.mp3,1146.25,ChaCha20,0.0000,0.00000000,0.0026,0.00000000
audio_024.mp3,1146.25,Camellia,0.0110,0.00000001,0.0105,0.00000001
audio_025.mp3,1195.23,AES,0.0049,0.00000000,0.0013,0.00000000
audio_025.mp3,1195.23,3DES,0.3890,0.00000032,0.5162,0.00000042
audio_025.mp3,1195.23,ChaCha20,0.0002,0.00000000,0.0028,0.00000000
audio_025.mp3,1195.23,Camellia,0.0245,0.00000002,0.0073,0.00000001
audio_026.mp3,1243.60,AES,0.0031,0.00000000,0.0015,0.00000000
audio_026.mp3,1243.60,3DES,0.9822,0.00000077,0.4955,0.00000039
audio_026.mp3,1243.60,ChaCha20,0.0028,0.00000000,0.0077,0.00000001
audio_026.mp3,1243.60,Camellia,0.0089,0.00000001,0.0015,0.00000000
audio_027.mp3,1292.58,AES,0.0029,0.00000000,0.0051,0.00000000
audio_027.mp3,1292.58,3DES,0.5453,0.00000041,0.7039,0.00000053
audio_027.mp3,1292.58,ChaCha20,0.0011,0.00000000,0.0008,0.00000000
audio_027.mp3,1292.58,Camellia,0.0153,0.00000001,0.0217,0.00000002
audio_028.mp3,1340.95,AES,0.0042,0.00000000,0.0032,0.00000000
audio_028.mp3,1340.95,3DES,0.5291,0.00000039,0.5108,0.00000037
audio_028.mp3,1340.95,ChaCha20,0.0007,0.00000000,0.0006,0.00000000
audio_028.mp3,1340.95,Camellia,0.0162,0.00000001,0.0147,0.00000001
audio_029.mp3,1389.93,AES,0.0055,0.00000000,0.0028,0.00000000
audio_029.mp3,1389.93,3DES,1.7674,0.00000124,0.4547,0.00000032
audio_029.mp3,1389.93,ChaCha20,0.0011,0.00000000,0.0007,0.00000000
audio_029.mp3,1389.93,Camellia,0.0075,0.00000001,0.0197,0.00000001
audio_030.mp3,1438.91,AES,0.0009,0.00000000,0.0045,0.00000000
audio_030.mp3,1438.91,3DES,0.5811,0.00000039,0.9405,0.00000064
audio_030.mp3,1438.91,ChaCha20,0.0033,0.00000000,0.0067,0.00000000
audio_030.mp3,1438.91,Camellia,0.0119,0.00000001,0.0123,0.00000001
audio_031.mp3,1487.28,AES,0.0062,0.00000000,0.0012,0.00000000
audio_031.mp3,1487.28,3DES,0.8580,0.00000056,0.5703,0.00000037
audio_031.mp3,1487.28,ChaCha20,0.0017,0.00000000,0.0020,0.00000000
audio_031.mp3,1487.28,Camellia,0.0054,0.00000000,0.0018,0.00000000
audio_032.mp3,1536.25,AES,0.0017,0.00000000,0.0085,0.00000001
audio_032.mp3,1536.25,3DES,0.6012,0.00000038,1.1451,0.00000073
audio_032.mp3,1536.25,ChaCha20,0.0017,0.00000000,0.0042,0.00000000
audio_032.mp3,1536.25,Camellia,0.0371,0.00000002,0.0000,0.00000000
audio_033.mp3,1584.62,AES,0.0004,0.00000000,0.0082,0.00000001
audio_033.mp3,1584.62,3DES,1.0833,0.00000067,0.6918,0.00000043
audio_033.mp3,1584.62,ChaCha20,0.0005,0.00000000,0.0146,0.00000001
audio_033.mp3,1584.62,Camellia,0.0411,0.00000003,0.0521,0.00000003
audio_034.mp3,1633.60,AES,0.0052,0.00000000,0.0005,0.00000000
audio_034.mp3,1633.60,3DES,2.1807,0.00000130,1.0436,0.00000062
audio_034.mp3,1633.60,ChaCha20,0.0014,0.00000000,0.0024,0.00000000
audio_034.mp3,1633.60,Camellia,0.0496,0.00000003,0.0103,0.00000001
audio_035.mp3,1681.97,AES,0.0047,0.00000000,0.0069,0.00000000
audio_035.mp3,1681.97,3DES,1.8823,0.00000109,1.4982,0.00000087
audio_035.mp3,1681.97,ChaCha20,0.0006,0.00000000,0.0034,0.00000000
audio_035.mp3,1681.97,Camellia,0.0269,0.00000002,0.0042,0.00000000
audio_036.mp3,1730.95,AES,0.0030,0.00000000,0.0048,0.00000000
audio_036.mp3,1730.95,3DES,1.2550,0.00000071,1.0932,0.00000062
audio_036.mp3,1730.95,ChaCha20,0.0031,0.00000000,0.0016,0.00000000
audio_036.mp3,1730.95,Camellia,0.0127,0.00000001,0.0411,0.00000002
audio_037.mp3,1779.32,AES,0.0110,0.00000001,0.0061,0.00000000
audio_037.mp3,1779.32,3DES,0.9597,0.00000053,0.5434,0.00000030
audio_037.mp3,1779.32,ChaCha20,0.0099,0.00000001,0.0007,0.00000000
audio_037.mp3,1779.32,Camellia,0.0185,0.00000001,0.0062,0.00000000
audio_038.mp3,1828.30,AES,0.0040,0.00000000,0.0116,0.00000001
audio_038.mp3,1828.30,3DES,0.7741,0.00000041,1.0170,0.00000054
audio_038.mp3,1828.30,ChaCha20,0.0003,0.00000000,0.0032,0.00000000
audio_038.mp3,1828.30,Camellia,0.0262,0.00000001,0.0128,0.00000001
audio_039.mp3,1877.28,AES,0.0014,0.00000000,0.0005,0.00000000
audio_039.mp3,1877.28,3DES,0.9721,0.00000051,1.2511,0.00000065
audio_039.mp3,1877.28,ChaCha20,0.0028,0.00000000,0.0028,0.00000000
audio_039.mp3,1877.28,Camellia,0.0420,0.00000002,0.0580,0.00000003
audio_040.mp3,1925.64,AES,0.0030,0.00000000,0.0056,0.00000000
audio_040.mp3,1925.64,3DES,1.1068,0.00000056,1.5383,0.00000078
audio_040.mp3,1925.64,ChaCha20,0.0000,0.00000000,0.0065,0.00000000
audio_040.mp3,1925.64,Camellia,0.0936,0.00000005,0.0358,0.00000002
audio_041.mp3,1974.62,AES,0.0022,0.00000000,0.0025,0.00000000
audio_041.mp3,1974.62,3DES,1.1672,0.00000058,0.9263,0.00000046
audio_041.mp3,1974.62,ChaCha20,0.0020,0.00000000,0.0066,0.00000000
audio_041.mp3,1974.62,Camellia,0.0317,0.00000002,0.0088,0.00000000
audio_042.mp3,2022.99,AES,0.0017,0.00000000,0.0026,0.00000000
audio_042.mp3,2022.99,3DES,1.8121,0.00000087,1.4632,0.00000071
audio_042.mp3,2022.99,ChaCha20,0.0038,0.00000000,0.0006,0.00000000
audio_042.mp3,2022.99,Camellia,0.0085,0.00000000,0.0145,0.00000001
audio_043.mp3,2071.97,AES,0.0012,0.00000000,0.0029,0.00000000
audio_043.mp3,2071.97,3DES,1.0959,0.00000052,0.9756,0.00000046
audio_043.mp3,2071.97,ChaCha20,0.0021,0.00000000,0.0056,0.00000000
audio_043.mp3,2071.97,Camellia,0.0471,0.00000002,0.0253,0.00000001
audio_044.mp3,2120.34,AES,0.0012,0.00000000,0.0012,0.00000000
audio_044.mp3,2120.34,3DES,1.0238,0.00000047,1.3518,0.00000062
audio_044.mp3,2120.34,ChaCha20,0.0024,0.00000000,0.0160,0.00000001
audio_044.mp3,2120.34,Camellia,0.0172,0.00000001,0.0203,0.00000001
audio_045.mp3,2169.32,AES,0.0042,0.00000000,0.0007,0.00000000
audio_045.mp3,2169.32,3DES,1.2013,0.00000054,1.3179,0.00000059
audio_045.mp3,2169.32,ChaCha20,0.0038,0.00000000,0.0054,0.00000000
audio_045.mp3,2169.32,Camellia,0.0132,0.00000001,0.0167,0.00000001
audio_046.mp3,2218.30,AES,0.0024,0.00000000,0.0033,0.00000000
audio_046.mp3,2218.30,3DES,1.6485,0.00000073,1.1374,0.00000050
audio_046.mp3,2218.30,ChaCha20,0.0023,0.00000000,0.0004,0.00000000
audio_046.mp3,2218.30,Camellia,0.0287,0.00000001,0.0122,0.00000001
audio_047.mp3,2266.66,AES,0.0042,0.00000000,0.0006,0.00000000
audio_047.mp3,2266.66,3DES,1.1980,0.00000052,1.2852,0.00000055
audio_047.mp3,2266.66,ChaCha20,0.0026,0.00000000,0.0093,0.00000000
audio_047.mp3,2266.66,Camellia,0.0570,0.00000002,0.0366,0.00000002
audio_048.mp3,2315.64,AES,0.0042,0.00000000,0.0072,0.00000000
audio_048.mp3,2315.64,3DES,1.1095,0.00000047,2.3705,0.00000100
audio_048.mp3,2315.64,ChaCha20,0.0021,0.00000000,0.0014,0.00000000
audio_048.mp3,2315.64,Camellia,0.0030,0.00000000,0.0336,0.00000001
audio_049.mp3,2364.01,AES,0.0050,0.00000000,0.0057,0.00000000
audio_049.mp3,2364.01,3DES,1.2667,0.00000052,1.8603,0.00000077
audio_049.mp3,2364.01,ChaCha20,0.0052,0.00000000,0.0004,0.00000000
audio_049.mp3,2364.01,Camellia,0.0229,0.00000001,0.0538,0.00000002
audio_050.mp3,2412.99,AES,0.0063,0.00000000,0.0041,0.00000000
audio_050.mp3,2412.99,3DES,1.3657,0.00000055,2.1252,0.00000086
audio_050.mp3,2412.99,ChaCha20,0.0063,0.00000000,0.0050,0.00000000
audio_050.mp3,2412.99,Camellia,0.0086,0.00000000,0.0198,0.00000001
audio_051.mp3,2461.36,AES,0.0006,0.00000000,0.0110,0.00000000
audio_051.mp3,2461.36,3DES,1.8381,0.00000073,1.9401,0.00000077
audio_051.mp3,2461.36,ChaCha20,0.0034,0.00000000,0.0039,0.00000000
audio_051.mp3,2461.36,Camellia,0.0109,0.00000000,0.0403,0.00000002
audio_052.mp3,2510.34,AES,0.0007,0.00000000,0.0178,0.00000001
audio_052.mp3,2510.34,3DES,1.8999,0.00000074,1.4511,0.00000056
audio_052.mp3,2510.34,ChaCha20,0.0020,0.00000000,0.0067,0.00000000
audio_052.mp3,2510.34,Camellia,0.0663,0.00000003,0.0192,0.00000001
audio_053.mp3,2558.70,AES,0.0057,0.00000000,0.0121,0.00000000
audio_053.mp3,2558.70,3DES,1.5566,0.00000059,1.4322,0.00000055
audio_053.mp3,2558.70,ChaCha20,0.0052,0.00000000,0.0036,0.00000000
audio_053.mp3,2558.70,Camellia,0.0073,0.00000000,0.0142,0.00000001
audio_054.mp3,2607.68,AES,0.0162,0.00000001,0.0085,0.00000000
audio_054.mp3,2607.68,3DES,0.9401,0.00000035,0.9336,0.00000035
audio_054.mp3,2607.68,ChaCha20,0.0000,0.00000000,0.0012,0.00000000
audio_054.mp3,2607.68,Camellia,0.0422,0.00000002,0.0168,0.00000001
audio_055.mp3,2656.66,AES,0.0022,0.00000000,0.0015,0.00000000
audio_055.mp3,2656.66,3DES,1.4040,0.00000052,1.5333,0.00000056
audio_055.mp3,2656.66,ChaCha20,0.0047,0.00000000,0.0004,0.00000000
audio_055.mp3,2656.66,Camellia,0.0136,0.00000000,0.0035,0.00000000
audio_056.mp3,2705.03,AES,0.0030,0.00000000,0.0161,0.00000001
audio_056.mp3,2705.03,3DES,1.4537,0.00000052,1.2673,0.00000046
audio_056.mp3,2705.03,ChaCha20,0.0016,0.00000000,0.0060,0.00000000
audio_056.mp3,2705.03,Camellia,0.0855,0.00000003,0.0136,0.00000000
audio_057.mp3,2754.01,AES,0.0014,0.00000000,0.0014,0.00000000
audio_057.mp3,2754.01,3DES,2.0151,0.00000071,1.5194,0.00000054
audio_057.mp3,2754.01,ChaCha20,0.0034,0.00000000,0.0029,0.00000000
audio_057.mp3,2754.01,Camellia,0.0039,0.00000000,0.0151,0.00000001
audio_058.mp3,2802.38,AES,0.0229,0.00000001,0.0050,0.00000000
audio_058.mp3,2802.38,3DES,0.9660,0.00000034,1.6577,0.00000058
audio_058.mp3,2802.38,ChaCha20,0.0034,0.00000000,0.0037,0.00000000
audio_058.mp3,2802.38,Camellia,0.0546,0.00000002,0.0804,0.00000003
audio_059.mp3,2851.36,AES,0.0146,0.00000000,0.0016,0.00000000
audio_059.mp3,2851.36,3DES,1.4148,0.00000048,1.4276,0.00000049
audio_059.mp3,2851.36,ChaCha20,0.0009,0.00000000,0.0122,0.00000000
audio_059.mp3,2851.36,Camellia,0.0383,0.00000001,0.0385,0.00000001
audio_060.mp3,2899.72,AES,0.0049,0.00000000,0.0039,0.00000000
audio_060.mp3,2899.72,3DES,1.5450,0.00000052,1.4907,0.00000050
audio_060.mp3,2899.72,ChaCha20,0.0048,0.00000000,0.0029,0.00000000
audio_060.mp3,2899.72,Camellia,0.0215,0.00000001,0.0258,0.00000001
audio_061.mp3,2948.70,AES,0.0049,0.00000000,0.0200,0.00000001
audio_061.mp3,2948.70,3DES,1.6914,0.00000056,1.4840,0.00000049
audio_061.mp3,2948.70,ChaCha20,0.0010,0.00000000,0.0023,0.00000000
audio_061.mp3,2948.70,Camellia,0.0125,0.00000000,0.0171,0.00000001
audio_062.mp3,2997.68,AES,0.0027,0.00000000,0.0085,0.00000000
audio_062.mp3,2997.68,3DES,1.3539,0.00000044,1.6677,0.00000054
audio_062.mp3,2997.68,ChaCha20,0.0031,0.00000000,0.0010,0.00000000
audio_062.mp3,2997.68,Camellia,0.0183,0.00000001,0.0347,0.00000001
audio_063.mp3,3046.05,AES,0.0050,0.00000000,0.0118,0.00000000
audio_063.mp3,3046.05,3DES,1.5530,0.00000050,1.3574,0.00000044
audio_063.mp3,3046.05,ChaCha20,0.0041,0.00000000,0.0056,0.00000000
audio_063.mp3,3046.05,Camellia,0.0422,0.00000001,0.0331,0.00000001
audio_064.mp3,3095.03,AES,0.0161,0.00000001,0.0049,0.00000000
audio_064.mp3,3095.03,3DES,2.7886,0.00000088,1.3666,0.00000043
audio_064.mp3,3095.03,ChaCha20,0.0037,0.00000000,0.0022,0.00000000
audio_064.mp3,3095.03,Camellia,0.0284,0.00000001,0.0185,0.00000001
audio_065.mp3,3143.40,AES,0.0000,0.00000000,0.0271,0.00000001
audio_065.mp3,3143.40,3DES,1.7981,0.00000056,1.4734,0.00000046
audio_065.mp3,3143.40,ChaCha20,0.0090,0.00000000,0.0082,0.00000000
audio_065.mp3,3143.40,Camellia,0.0181,0.00000001,0.0344,0.00000001
audio_066.mp3,3192.38,AES,0.0171,0.00000001,0.0121,0.00000000
audio_066.mp3,3192.38,3DES,1.7716,0.00000054,1.5096,0.00000046
audio_066.mp3,3192.38,ChaCha20,0.0033,0.00000000,0.0023,0.00000000
audio_066.mp3,3192.38,Camellia,0.0450,0.00000001,0.0572,0.00000002
audio_067.mp3,3240.75,AES,0.0055,0.00000000,0.0015,0.00000000
audio_067.mp3,3240.75,3DES,1.2634,0.00000038,1.7956,0.00000054
audio_067.mp3,3240.75,ChaCha20,0.0000,0.00000000,0.0041,0.00000000
audio_067.mp3,3240.75,Camellia,0.0375,0.00000001,0.0154,0.00000000
audio_068.mp3,3289.72,AES,0.0089,0.00000000,0.0099,0.00000000
audio_068.mp3,3289.72,3DES,2.0276,0.00000060,2.3069,0.00000068
audio_068.mp3,3289.72,ChaCha20,0.0060,0.00000000,0.0071,0.00000000
audio_068.mp3,3289.72,Camellia,0.0393,0.00000001,0.0771,0.00000002
audio_069.mp3,3338.09,AES,0.0085,0.00000000,0.0191,0.00000001
audio_069.mp3,3338.09,3DES,2.3940,0.00000070,1.6211,0.00000047
audio_069.mp3,3338.09,ChaCha20,0.0005,0.00000000,0.0032,0.00000000
audio_069.mp3,3338.09,Camellia,0.0591,0.00000002,0.0873,0.00000003
audio_070.mp3,3387.07,AES,0.0074,0.00000000,0.0019,0.00000000
audio_070.mp3,3387.07,3DES,1.4846,0.00000043,2.0411,0.00000059
audio_070.mp3,3387.07,ChaCha20,0.0077,0.00000000,0.0029,0.00000000
audio_070.mp3,3387.07,Camellia,0.0640,0.00000002,0.0247,0.00000001
audio_071.mp3,3436.05,AES,0.0064,0.00000000,0.0114,0.00000000
audio_071.mp3,3436.05,3DES,2.2218,0.00000063,1.7015,0.00000048
audio_071.mp3,3436.05,ChaCha20,0.0026,0.00000000,0.0047,0.00000000
audio_071.mp3,3436.05,Camellia,0.0183,0.00000001,0.0037,0.00000000
audio_072.mp3,3484.42,AES,0.0010,0.00000000,0.0119,0.00000000
audio_072.mp3,3484.42,3DES,1.9732,0.00000055,2.1663,0.00000061
audio_072.mp3,3484.42,ChaCha20,0.0011,0.00000000,0.0078,0.00000000
audio_072.mp3,3484.42,Camellia,0.0176,0.00000000,0.0196,0.00000001
audio_073.mp3,3533.40,AES,0.0103,0.00000000,0.0019,0.00000000
audio_073.mp3,3533.40,3DES,2.9397,0.00000081,2.0597,0.00000057
audio_073.mp3,3533.40,ChaCha20,0.0059,0.00000000,0.0096,0.00000000
audio_073.mp3,3533.40,Camellia,0.0673,0.00000002,0.0824,0.00000002
audio_074.mp3,3581.76,AES,0.0035,0.00000000,0.0116,0.00000000
audio_074.mp3,3581.76,3DES,1.6438,0.00000045,1.6046,0.00000044
audio_074.mp3,3581.76,ChaCha20,0.0051,0.00000000,0.0095,0.00000000
audio_074.mp3,3581.76,Camellia,0.1299,0.00000004,0.0096,0.00000000
audio_075.mp3,3630.75,AES,0.0019,0.00000000,0.0043,0.00000000
audio_075.mp3,3630.75,3DES,3.7090,0.00000100,1.9028,0.00000051
audio_075.mp3,3630.75,ChaCha20,0.0048,0.00000000,0.0158,0.00000000
audio_075.mp3,3630.75,Camellia,0.0638,0.00000002,0.0169,0.00000000
audio_076.mp3,3679.11,AES,0.0000,0.00000000,0.0099,0.00000000
audio_076.mp3,3679.11,3DES,1.7158,0.00000046,1.8592,0.00000049
audio_076.mp3,3679.11,ChaCha20,0.0060,0.00000000,0.0040,0.00000000
audio_076.mp3,3679.11,Camellia,0.0235,0.00000001,0.0134,0.00000000
audio_077.mp3,3728.09,AES,0.0105,0.00000000,0.0011,0.00000000
audio_077.mp3,3728.09,3DES,2.2911,0.00000060,2.6398,0.00000069
audio_077.mp3,3728.09,ChaCha20,0.0200,0.00000001,0.0044,0.00000000
audio_077.mp3,3728.09,Camellia,0.1018,0.00000003,0.0130,0.00000000
audio_078.mp3,3777.07,AES,0.0158,0.00000000,0.0046,0.00000000
audio_078.mp3,3777.07,3DES,2.1298,0.00000055,1.9130,0.00000049
audio_078.mp3,3777.07,ChaCha20,0.0150,0.00000000,0.0029,0.00000000
audio_078.mp3,3777.07,Camellia,0.0824,0.00000002,0.0221,0.00000001
audio_079.mp3,3825.44,AES,0.0021,0.00000000,0.0225,0.00000001
audio_079.mp3,3825.44,3DES,2.3206,0.00000059,2.0616,0.00000053
audio_079.mp3,3825.44,ChaCha20,0.0011,0.00000000,0.0039,0.00000000
audio_079.mp3,3825.44,Camellia,0.0206,0.00000001,0.0836,0.00000002
audio_080.mp3,3874.42,AES,0.0167,0.00000000,0.0121,0.00000000
audio_080.mp3,3874.42,3DES,1.9707,0.00000050,2.0078,0.00000051
audio_080.mp3,3874.42,ChaCha20,0.0041,0.00000000,0.0054,0.00000000
audio_080.mp3,3874.42,Camellia,0.0398,0.00000001,0.0449,0.00000001
audio_081.mp3,3922.79,AES,0.0119,0.00000000,0.0105,0.00000000
audio_081.mp3,3922.79,3DES,2.3327,0.00000058,2.2136,0.00000055
audio_081.mp3,3922.79,ChaCha20,0.0013,0.00000000,0.0172,0.00000000
audio_081.mp3,3922.79,Camellia,0.0383,0.00000001,0.0148,0.00000000
audio_082.mp3,3971.76,AES,0.0057,0.00000000,0.0000,0.00000000
audio_082.mp3,3971.76,3DES,2.0624,0.00000051,2.3731,0.00000058
audio_082.mp3,3971.76,ChaCha20,0.0012,0.00000000,0.0027,0.00000000
audio_082.mp3,3971.76,Camellia,0.1702,0.00000004,0.0235,0.00000001
audio_083.mp3,4020.13,AES,0.0148,0.00000000,0.0040,0.00000000
audio_083.mp3,4020.13,3DES,2.0434,0.00000050,1.7527,0.00000043
audio_083.mp3,4020.13,ChaCha20,0.0106,0.00000000,0.0108,0.00000000
audio_083.mp3,4020.13,Camellia,0.1218,0.00000003,0.0767,0.00000002
audio_084.mp3,4069.11,AES,0.0082,0.00000000,0.0043,0.00000000
audio_084.mp3,4069.11,3DES,2.0036,0.00000048,1.7817,0.00000043
audio_084.mp3,4069.11,ChaCha20,0.0023,0.00000000,0.0034,0.00000000
audio_084.mp3,4069.11,Camellia,0.0239,0.00000001,0.0240,0.00000001
audio_085.mp3,4117.48,AES,0.0287,0.00000001,0.0000,0.00000000
audio_085.mp3,4117.48,3DES,1.8215,0.00000043,2.0116,0.00000048
audio_085.mp3,4117.48,ChaCha20,0.0000,0.00000000,0.0011,0.00000000
audio_085.mp3,4117.48,Camellia,0.0683,0.00000002,0.0099,0.00000000
audio_086.mp3,4166.46,AES,0.0239,0.00000001,0.0055,0.00000000
audio_086.mp3,4166.46,3DES,2.8891,0.00000068,1.8828,0.00000044
audio_086.mp3,4166.46,ChaCha20,0.0070,0.00000000,0.0040,0.00000000
audio_086.mp3,4166.46,Camellia,0.0513,0.00000001,0.0243,0.00000001
audio_087.mp3,4215.44,AES,0.0059,0.00000000,0.0109,0.00000000
audio_087.mp3,4215.44,3DES,1.6115,0.00000037,2.7504,0.00000064
audio_087.mp3,4215.44,ChaCha20,0.0299,0.00000001,0.0109,0.00000000
audio_087.mp3,4215.44,Camellia,0.0228,0.00000001,0.0104,0.00000000
audio_088.mp3,4263.81,AES,0.0034,0.00000000,0.0128,0.00000000
audio_088.mp3,4263.81,3DES,2.0942,0.00000048,2.2441,0.00000051
audio_088.mp3,4263.81,ChaCha20,0.0052,0.00000000,0.0078,0.00000000
audio_088.mp3,4263.81,Camellia,0.0795,0.00000002,0.0240,0.00000001
audio_089.mp3,4312.79,AES,0.0059,0.00000000,0.0071,0.00000000
audio_089.mp3,4312.79,3DES,3.6824,0.00000083,2.6647,0.00000060
audio_089.mp3,4312.79,ChaCha20,0.0139,0.00000000,0.0061,0.00000000
audio_089.mp3,4312.79,Camellia,0.0366,0.00000001,0.0206,0.00000000
audio_090.mp3,4361.15,AES,0.0178,0.00000000,0.0011,0.00000000
audio_090.mp3,4361.15,3DES,2.0557,0.00000046,2.2207,0.00000050
audio_090.mp3,4361.15,ChaCha20,0.0085,0.00000000,0.0106,0.00000000
audio_090.mp3,4361.15,Camellia,0.1204,0.00000003,0.0432,0.00000001
audio_091.mp3,4410.13,AES,0.0048,0.00000000,0.0033,0.00000000
audio_091.mp3,4410.13,3DES,3.0117,0.00000067,2.7346,0.00000061
audio_091.mp3,4410.13,ChaCha20,0.0020,0.00000000,0.0074,0.00000000
audio_091.mp3,4410.13,Camellia,0.0174,0.00000000,0.2094,0.00000005
audio_092.mp3,4458.50,AES,0.0105,0.00000000,0.0000,0.00000000
audio_092.mp3,4458.50,3DES,2.9982,0.00000066,2.6911,0.00000059
audio_092.mp3,4458.50,ChaCha20,0.0098,0.00000000,0.0000,0.00000000
audio_092.mp3,4458.50,Camellia,0.0195,0.00000000,0.1336,0.00000003
audio_093.mp3,4507.48,AES,0.0026,0.00000000,0.0112,0.00000000
audio_093.mp3,4507.48,3DES,2.6818,0.00000058,3.1420,0.00000068
audio_093.mp3,4507.48,ChaCha20,0.0056,0.00000000,0.0039,0.00000000
audio_093.mp3,4507.48,Camellia,0.0162,0.00000000,0.0656,0.00000001
audio_094.mp3,4556.46,AES,0.0073,0.00000000,0.0030,0.00000000
audio_094.mp3,4556.46,3DES,3.6385,0.00000078,2.7172,0.00000058
audio_094.mp3,4556.46,ChaCha20,0.0068,0.00000000,0.0068,0.00000000
audio_094.mp3,4556.46,Camellia,0.0223,0.00000000,0.2245,0.00000005
audio_095.mp3,4604.83,AES,0.0135,0.00000000,0.0025,0.00000000
audio_095.mp3,4604.83,3DES,2.9861,0.00000063,3.0174,0.00000064
audio_095.mp3,4604.83,ChaCha20,0.0024,0.00000000,0.0000,0.00000000
audio_095.mp3,4604.83,Camellia,0.0527,0.00000001,0.0584,0.00000001
audio_096.mp3,4653.81,AES,0.0099,0.00000000,0.0184,0.00000000
audio_096.mp3,4653.81,3DES,2.5891,0.00000054,2.3421,0.00000049
audio_096.mp3,4653.81,ChaCha20,0.0012,0.00000000,0.0083,0.00000000
audio_096.mp3,4653.81,Camellia,0.0955,0.00000002,0.0872,0.00000002
audio_097.mp3,4702.17,AES,0.0036,0.00000000,0.0046,0.00000000
audio_097.mp3,4702.17,3DES,2.1435,0.00000045,2.5344,0.00000053
audio_097.mp3,4702.17,ChaCha20,0.0041,0.00000000,0.0083,0.00000000
audio_097.mp3,4702.17,Camellia,0.0615,0.00000001,0.0208,0.00000000
audio_098.mp3,4751.15,AES,0.0065,0.00000000,0.0095,0.00000000
audio_098.mp3,4751.15,3DES,3.1073,0.00000064,2.6964,0.00000055
audio_098.mp3,4751.15,ChaCha20,0.0054,0.00000000,0.0030,0.00000000
audio_098.mp3,4751.15,Camellia,0.0517,0.00000001,0.0224,0.00000000
audio_099.mp3,4799.52,AES,0.0259,0.00000001,0.0219,0.00000000
audio_099.mp3,4799.52,3DES,2.7053,0.00000055,3.3030,0.00000067
audio_099.mp3,4799.52,ChaCha20,0.0118,0.00000000,0.0036,0.00000000
audio_099.mp3,4799.52,Camellia,0.0287,0.00000001,0.0743,0.00000002
audio_100.mp3,4848.50,AES,0.0013,0.00000000,0.0180,0.00000000
audio_100.mp3,4848.50,3DES,2.3318,0.00000047,2.7014,0.00000054
audio_100.mp3,4848.50,ChaCha20,0.0115,0.00000000,0.0090,0.00000000
audio_100.mp3,4848.50,Camellia,0.0593,0.00000001,0.0926,0.00000002
img_001.jpg,14.53,AES,0.0001,0.00000001,0.0002,0.00000001
img_001.jpg,14.53,3DES,0.0088,0.00000059,0.0073,0.00000049
img_001.jpg,14.53,ChaCha20,0.0000,0.00000000,0.0002,0.00000001
img_001.jpg,14.53,Camellia,0.0000,0.00000000,0.0005,0.00000004
img_002.jpg,17.71,AES,0.0002,0.00000001,0.0002,0.00000001
img_002.jpg,17.71,3DES,0.0069,0.00000038,0.0073,0.00000040
img_002.jpg,17.71,ChaCha20,0.0001,0.00000000,0.0006,0.00000003
img_002.jpg,17.71,Camellia,0.0009,0.00000005,0.0002,0.00000001
img_003.jpg,26.08,AES,0.0001,0.00000000,0.0001,0.00000001
img_003.jpg,26.08,3DES,0.0111,0.00000042,0.0086,0.00000032
img_003.jpg,26.08,ChaCha20,0.0002,0.00000001,0.0000,0.00000000
img_003.jpg,26.08,Camellia,0.0000,0.00000000,0.0001,0.00000000
img_004.jpg,34.67,AES,0.0002,0.00000001,0.0001,0.00000000
img_004.jpg,34.67,3DES,0.0045,0.00000013,0.0084,0.00000024
img_004.jpg,34.67,ChaCha20,0.0002,0.00000000,0.0011,0.00000003
img_004.jpg,34.67,Camellia,0.0006,0.00000002,0.0002,0.00000001
img_005.jpg,45.20,AES,0.0001,0.00000000,0.0000,0.00000000
img_005.jpg,45.20,3DES,0.0093,0.00000020,0.0055,0.00000012
img_005.jpg,45.20,ChaCha20,0.0002,0.00000000,0.0001,0.00000000
img_005.jpg,45.20,Camellia,0.0002,0.00000000,0.0007,0.00000001
img_006.jpg,56.35,AES,0.0005,0.00000001,0.0002,0.00000000
img_006.jpg,56.35,3DES,0.0713,0.00000124,0.0199,0.00000035
img_006.jpg,56.35,ChaCha20,0.0001,0.00000000,0.0003,0.00000001
img_006.jpg,56.35,Camellia,0.0008,0.00000001,0.0016,0.00000003
img_007.jpg,65.05,AES,0.0001,0.00000000,0.0000,0.00000000
img_007.jpg,65.05,3DES,0.0207,0.00000031,0.0296,0.00000045
img_007.jpg,65.05,ChaCha20,0.0006,0.00000001,0.0001,0.00000000
img_007.jpg,65.05,Camellia,0.0006,0.00000001,0.0019,0.00000003
img_008.jpg,72.23,AES,0.0006,0.00000001,0.0001,0.00000000
img_008.jpg,72.23,3DES,0.0159,0.00000022,0.0154,0.00000021
img_008.jpg,72.23,ChaCha20,0.0001,0.00000000,0.0002,0.00000000
img_008.jpg,72.23,Camellia,0.0018,0.00000002,0.0013,0.00000002
img_009.jpg,85.10,AES,0.0005,0.00000001,0.0001,0.00000000
img_009.jpg,85.10,3DES,0.0155,0.00000018,0.1056,0.00000121
img_009.jpg,85.10,ChaCha20,0.0004,0.00000001,0.0010,0.00000001
img_009.jpg,85.10,Camellia,0.0018,0.00000002,0.0000,0.00000000
img_010.jpg,93.04,AES,0.0002,0.00000000,0.0003,0.00000000
img_010.jpg,93.04,3DES,0.0251,0.00000026,0.0286,0.00000030
img_010.jpg,93.04,ChaCha20,0.0001,0.00000000,0.0003,0.00000000
img_010.jpg,93.04,Camellia,0.0025,0.00000003,0.0008,0.00000001
img_011.jpg,102.24,AES,0.0003,0.00000000,0.0002,0.00000000
img_011.jpg,102.24,3DES,0.0560,0.00000054,0.0041,0.00000004
img_011.jpg,102.24,ChaCha20,0.0005,0.00000000,0.0000,0.00000000
img_011.jpg,102.24,Camellia,0.0057,0.00000005,0.0023,0.00000002
img_012.jpg,112.34,AES,0.0001,0.00000000,0.0019,0.00000002
img_012.jpg,112.34,3DES,0.0102,0.00000009,0.0182,0.00000016
img_012.jpg,112.34,ChaCha20,0.0000,0.00000000,0.0002,0.00000000
img_012.jpg,112.34,Camellia,0.0031,0.00000003,0.0053,0.00000005
img_013.jpg,123.52,AES,0.0001,0.00000000,0.0003,0.00000000
img_013.jpg,123.52,3DES,0.1381,0.00000109,0.0577,0.00000046
img_013.jpg,123.52,ChaCha20,0.0001,0.00000000,0.0002,0.00000000
img_013.jpg,123.52,Camellia,0.0005,0.00000000,0.0039,0.00000003
img_014.jpg,136.63,AES,0.0001,0.00000000,0.0001,0.00000000
img_014.jpg,136.63,3DES,0.0724,0.00000052,0.0219,0.00000016
img_014.jpg,136.63,ChaCha20,0.0002,0.00000000,0.0001,0.00000000
img_014.jpg,136.63,Camellia,0.0024,0.00000002,0.0016,0.00000001
img_015.jpg,143.26,AES,0.0008,0.00000001,0.0011,0.00000001
img_015.jpg,143.26,3DES,0.0461,0.00000031,0.1011,0.00000069
img_015.jpg,143.26,ChaCha20,0.0000,0.00000000,0.0006,0.00000000
img_015.jpg,143.26,Camellia,0.0013,0.00000001,0.0013,0.00000001
img_016.jpg,156.11,AES,0.0008,0.00000001,0.0001,0.00000000
img_016.jpg,156.11,3DES,0.1405,0.00000088,0.0251,0.00000016
img_016.jpg,156.11,ChaCha20,0.0005,0.00000000,0.0020,0.00000001
img_016.jpg,156.11,Camellia,0.0051,0.00000003,0.0018,0.00000001
img_017.jpg,166.83,AES,0.0001,0.00000000,0.0005,0.00000000
img_017.jpg,166.83,3DES,0.0575,0.00000034,0.0538,0.00000031
img_017.jpg,166.83,ChaCha20,0.0003,0.00000000,0.0004,0.00000000
img_017.jpg,166.83,Camellia,0.0047,0.00000003,0.0012,0.00000001
img_018.jpg,177.03,AES,0.0010,0.00000001,0.0011,0.00000001
img_018.jpg,177.03,3DES,0.0348,0.00000019,0.0552,0.00000030
img_018.jpg,177.03,ChaCha20,0.0006,0.00000000,0.0002,0.00000000
img_018.jpg,177.03,Camellia,0.0000,0.00000000,0.0024,0.00000001
img_019.jpg,187.07,AES,0.0006,0.00000000,0.0006,0.00000000
img_019.jpg,187.07,3DES,0.1094,0.00000057,0.0745,0.00000039
img_019.jpg,187.07,ChaCha20,0.0003,0.00000000,0.0000,0.00000000
img_019.jpg,187.07,Camellia,0.0033,0.00000002,0.0078,0.00000004
img_020.jpg,194.61,AES,0.0006,0.00000000,0.0031,0.00000002
img_020.jpg,194.61,3DES,0.0249,0.00000013,0.1082,0.00000054
img_020.jpg,194.61,ChaCha20,0.0004,0.00000000,0.0001,0.00000000
img_020.jpg,194.61,Camellia,0.0038,0.00000002,0.0046,0.00000002
img_021.jpg,194.61,AES,0.0026,0.00000001,0.0013,0.00000001
img_021.jpg,194.61,3DES,0.0269,0.00000013,0.0269,0.00000013
img_021.jpg,194.61,ChaCha20,0.0001,0.00000000,0.0004,0.00000000
img_021.jpg,194.61,Camellia,0.0034,0.00000002,0.0009,0.00000000
img_022.jpg,214.63,AES,0.0001,0.00000000,0.0006,0.00000000
img_022.jpg,214.63,3DES,0.1213,0.00000055,0.0910,0.00000041
img_022.jpg,214.63,ChaCha20,0.0006,0.00000000,0.0008,0.00000000
img_022.jpg,214.63,Camellia,0.0035,0.00000002,0.0020,0.00000001
img_023.jpg,223.37,AES,0.0001,0.00000000,0.0007,0.00000000
img_023.jpg,223.37,3DES,0.0632,0.00000028,0.0478,0.00000021
img_023.jpg,223.37,ChaCha20,0.0008,0.00000000,0.0004,0.00000000
img_023.jpg,223.37,Camellia,0.0022,0.00000001,0.0043,0.00000002
img_024.jpg,233.78,AES,0.0010,0.00000000,0.0010,0.00000000
img_024.jpg,233.78,3DES,0.0631,0.00000026,0.1495,0.00000062
img_024.jpg,233.78,ChaCha20,0.0001,0.00000000,0.0017,0.00000001
img_024.jpg,233.78,Camellia,0.0076,0.00000003,0.0000,0.00000000
img_025.jpg,260.88,AES,0.0014,0.00000001,0.0007,0.00000000
img_025.jpg,260.88,3DES,0.0659,0.00000025,0.0826,0.00000031
img_025.jpg,260.88,ChaCha20,0.0003,0.00000000,0.0009,0.00000000
img_025.jpg,260.88,Camellia,0.0025,0.00000001,0.0050,0.00000002
img_026.jpg,257.04,AES,0.0000,0.00000000,0.0013,0.00000000
img_026.jpg,257.04,3DES,0.2305,0.00000088,0.0471,0.00000018
img_026.jpg,257.04,ChaCha20,0.0002,0.00000000,0.0011,0.00000000
img_026.jpg,257.04,Camellia,0.0014,0.00000001,0.0066,0.00000002
img_027.jpg,267.60,AES,0.0008,0.00000000,0.0041,0.00000001
img_027.jpg,267.60,3DES,0.0594,0.00000022,0.0723,0.00000026
img_027.jpg,267.60,ChaCha20,0.0004,0.00000000,0.0003,0.00000000
img_027.jpg,267.60,Camellia,0.0018,0.00000001,0.0017,0.00000001
img_028.jpg,274.17,AES,0.0016,0.00000001,0.0019,0.00000001
img_028.jpg,274.17,3DES,0.1051,0.00000037,0.0531,0.00000019
img_028.jpg,274.17,ChaCha20,0.0011,0.00000000,0.0000,0.00000000
img_028.jpg,274.17,Camellia,0.0034,0.00000001,0.0052,0.00000002
img_029.jpg,286.94,AES,0.0000,0.00000000,0.0002,0.00000000
img_029.jpg,286.94,3DES,0.1573,0.00000054,0.2674,0.00000091
img_029.jpg,286.94,ChaCha20,0.0000,0.00000000,0.0008,0.00000000
img_029.jpg,286.94,Camellia,0.0078,0.00000003,0.0064,0.00000002
img_030.jpg,295.25,AES,0.0009,0.00000000,0.0017,0.00000001
img_030.jpg,295.25,3DES,0.0837,0.00000028,0.1282,0.00000042
img_030.jpg,295.25,ChaCha20,0.0004,0.00000000,0.0002,0.00000000
img_030.jpg,295.25,Camellia,0.0035,0.00000001,0.0097,0.00000003
img_031.jpg,302.25,AES,0.0014,0.00000000,0.0057,0.00000002
img_031.jpg,302.25,3DES,0.2441,0.00000079,0.1203,0.00000039
img_031.jpg,302.25,ChaCha20,0.0007,0.00000000,0.0011,0.00000000
img_031.jpg,302.25,Camellia,0.0032,0.00000001,0.0000,0.00000000
img_032.jpg,313.63,AES,0.0000,0.00000000,0.0017,0.00000001
img_032.jpg,313.63,3DES,0.1672,0.00000052,0.1447,0.00000045
img_032.jpg,313.63,ChaCha20,0.0008,0.00000000,0.0017,0.00000001
img_032.jpg,313.63,Camellia,0.0121,0.00000004,0.0080,0.00000002
img_033.jpg,352.21,AES,0.0001,0.00000000,0.0003,0.00000000
img_033.jpg,352.21,3DES,0.1193,0.00000033,0.0744,0.00000021
img_033.jpg,352.21,ChaCha20,0.0002,0.00000000,0.0018,0.00000001
img_033.jpg,352.21,Camellia,0.0445,0.00000012,0.0037,0.00000001
img_034.jpg,323.57,AES,0.0002,0.00000000,0.0019,0.00000001
img_034.jpg,323.57,3DES,0.0570,0.00000017,0.0561,0.00000017
img_034.jpg,323.57,ChaCha20,0.0001,0.00000000,0.0016,0.00000000
img_034.jpg,323.57,Camellia,0.0018,0.00000001,0.0094,0.00000003
img_035.jpg,341.06,AES,0.0010,0.00000000,0.0009,0.00000000
img_035.jpg,341.06,3DES,0.0985,0.00000028,0.2539,0.00000073
img_035.jpg,341.06,ChaCha20,0.0003,0.00000000,0.0003,0.00000000
img_035.jpg,341.06,Camellia,0.0118,0.00000003,0.0069,0.00000002
img_036.jpg,356.99,AES,0.0037,0.00000001,0.0031,0.00000001
img_036.jpg,356.99,3DES,0.0959,0.00000026,0.0690,0.00000019
img_036.jpg,356.99,ChaCha20,0.0005,0.00000000,0.0015,0.00000000
img_036.jpg,356.99,Camellia,0.0025,0.00000001,0.0009,0.00000000
img_037.jpg,362.62,AES,0.0016,0.00000000,0.0018,0.00000000
img_037.jpg,362.62,3DES,0.1106,0.00000030,0.0812,0.00000022
img_037.jpg,362.62,ChaCha20,0.0006,0.00000000,0.0000,0.00000000
img_037.jpg,362.62,Camellia,0.0069,0.00000002,0.0029,0.00000001
img_038.jpg,377.53,AES,0.0023,0.00000001,0.0014,0.00000000
img_038.jpg,377.53,3DES,0.3019,0.00000078,0.2951,0.00000076
img_038.jpg,377.53,ChaCha20,0.0022,0.00000001,0.0020,0.00000001
img_038.jpg,377.53,Camellia,0.0086,0.00000002,0.0033,0.00000001
img_039.jpg,383.77,AES,0.0022,0.00000001,0.0009,0.00000000
img_039.jpg,383.77,3DES,0.1914,0.00000049,0.0940,0.00000024
img_039.jpg,383.77,ChaCha20,0.0000,0.00000000,0.0007,0.00000000
img_039.jpg,383.77,Camellia,0.0096,0.00000002,0.0000,0.00000000
img_040.jpg,443.04,AES,0.0002,0.00000000,0.0005,0.00000000
img_040.jpg,443.04,3DES,0.4112,0.00000091,0.4945,0.00000109
img_040.jpg,443.04,ChaCha20,0.0005,0.00000000,0.0000,0.00000000
img_040.jpg,443.04,Camellia,0.0220,0.00000005,0.0030,0.00000001
img_041.jpg,407.11,AES,0.0013,0.00000000,0.0005,0.00000000
img_041.jpg,407.11,3DES,0.2482,0.00000060,0.2619,0.00000063
img_041.jpg,407.11,ChaCha20,0.0003,0.00000000,0.0010,0.00000000
img_041.jpg,407.11,Camellia,0.0031,0.00000001,0.0021,0.00000000
img_042.jpg,417.41,AES,0.0010,0.00000000,0.0062,0.00000001
img_042.jpg,417.41,3DES,0.2584,0.00000060,0.0847,0.00000020
img_042.jpg,417.41,ChaCha20,0.0003,0.00000000,0.0010,0.00000000
img_042.jpg,417.41,Camellia,0.0089,0.00000002,0.0012,0.00000000
img_043.jpg,438.70,AES,0.0003,0.00000000,0.0003,0.00000000
img_043.jpg,438.70,3DES,0.3076,0.00000068,0.3525,0.00000078
img_043.jpg,438.70,ChaCha20,0.0002,0.00000000,0.0026,0.00000001
img_043.jpg,438.70,Camellia,0.0156,0.00000003,0.0033,0.00000001
img_044.jpg,437.55,AES,0.0047,0.00000001,0.0030,0.00000001
img_044.jpg,437.55,3DES,0.3685,0.00000082,0.6180,0.00000138
img_044.jpg,437.55,ChaCha20,0.0012,0.00000000,0.0010,0.00000000
img_044.jpg,437.55,Camellia,0.0092,0.00000002,0.0054,0.00000001
img_045.jpg,444.60,AES,0.0032,0.00000001,0.0006,0.00000000
img_045.jpg,444.60,3DES,0.3811,0.00000084,0.2387,0.00000052
img_045.jpg,444.60,ChaCha20,0.0005,0.00000000,0.0014,0.00000000
img_045.jpg,444.60,Camellia,0.0051,0.00000001,0.0011,0.00000000
img_046.jpg,450.95,AES,0.0001,0.00000000,0.0019,0.00000000
img_046.jpg,450.95,3DES,0.4557,0.00000099,0.4087,0.00000088
img_046.jpg,450.95,ChaCha20,0.0002,0.00000000,0.0011,0.00000000
img_046.jpg,450.95,Camellia,0.1199,0.00000026,0.0017,0.00000000
img_047.jpg,464.82,AES,0.0042,0.00000001,0.0000,0.00000000
img_047.jpg,464.82,3DES,0.2477,0.00000052,0.2733,0.00000057
img_047.jpg,464.82,ChaCha20,0.0006,0.00000000,0.0001,0.00000000
img_047.jpg,464.82,Camellia,0.0063,0.00000001,0.0178,0.00000004
img_048.jpg,546.65,AES,0.0020,0.00000000,0.0016,0.00000000
img_048.jpg,546.65,3DES,0.3981,0.00000071,0.3320,0.00000059
img_048.jpg,546.65,ChaCha20,0.0014,0.00000000,0.0007,0.00000000
img_048.jpg,546.65,Camellia,0.0060,0.00000001,0.0048,0.00000001
img_049.jpg,485.48,AES,0.0007,0.00000000,0.0002,0.00000000
img_049.jpg,485.48,3DES,0.3275,0.00000066,0.2482,0.00000050
img_049.jpg,485.48,ChaCha20,0.0002,0.00000000,0.0018,0.00000000
img_049.jpg,485.48,Camellia,0.0097,0.00000002,0.0103,0.00000002
img_050.jpg,493.45,AES,0.0009,0.00000000,0.0037,0.00000001
img_050.jpg,493.45,3DES,0.2124,0.00000042,0.2341,0.00000046
img_050.jpg,493.45,ChaCha20,0.0001,0.00000000,0.0011,0.00000000
img_050.jpg,493.45,Camellia,0.0117,0.00000002,0.0061,0.00000001
img_051.jpg,499.74,AES,0.0000,0.00000000,0.0005,0.00000000
img_051.jpg,499.74,3DES,0.2298,0.00000045,0.1830,0.00000036
img_051.jpg,499.74,ChaCha20,0.0006,0.00000000,0.0003,0.00000000
img_051.jpg,499.74,Camellia,0.0009,0.00000000,0.0087,0.00000002
img_052.jpg,543.94,AES,0.0010,0.00000000,0.0017,0.00000000
img_052.jpg,543.94,3DES,0.5912,0.00000106,0.4997,0.00000090
img_052.jpg,543.94,ChaCha20,0.0000,0.00000000,0.0008,0.00000000
img_052.jpg,543.94,Camellia,0.0088,0.00000002,0.0056,0.00000001
img_053.jpg,518.97,AES,0.0016,0.00000000,0.0027,0.00000001
img_053.jpg,518.97,3DES,0.3811,0.00000072,0.3517,0.00000066
img_053.jpg,518.97,ChaCha20,0.0010,0.00000000,0.0111,0.00000002
img_053.jpg,518.97,Camellia,0.0056,0.00000001,0.0040,0.00000001
img_054.jpg,532.64,AES,0.0011,0.00000000,0.0012,0.00000000
img_054.jpg,532.64,3DES,0.2763,0.00000051,0.4594,0.00000084
img_054.jpg,532.64,ChaCha20,0.0025,0.00000000,0.0002,0.00000000
img_054.jpg,532.64,Camellia,0.0183,0.00000003,0.0020,0.00000000
img_055.jpg,543.39,AES,0.0013,0.00000000,0.0089,0.00000002
img_055.jpg,543.39,3DES,0.2874,0.00000052,0.1851,0.00000033
img_055.jpg,543.39,ChaCha20,0.0024,0.00000000,0.0005,0.00000000
img_055.jpg,543.39,Camellia,0.0148,0.00000003,0.0024,0.00000000
img_056.jpg,628.12,AES,0.0000,0.00000000,0.0017,0.00000000
img_056.jpg,628.12,3DES,0.2484,0.00000039,0.2117,0.00000033
img_056.jpg,628.12,ChaCha20,0.0006,0.00000000,0.0032,0.00000000
img_056.jpg,628.12,Camellia,0.0028,0.00000000,0.0030,0.00000000
img_057.jpg,621.63,AES,0.0009,0.00000000,0.0074,0.00000001
img_057.jpg,621.63,3DES,0.4076,0.00000064,0.5790,0.00000091
img_057.jpg,621.63,ChaCha20,0.0024,0.00000000,0.0009,0.00000000
img_057.jpg,621.63,Camellia,0.0155,0.00000002,0.0048,0.00000001
img_058.jpg,594.08,AES,0.0013,0.00000000,0.0011,0.00000000
img_058.jpg,594.08,3DES,0.1775,0.00000029,0.1625,0.00000027
img_058.jpg,594.08,ChaCha20,0.0013,0.00000000,0.0006,0.00000000
img_058.jpg,594.08,Camellia,0.0206,0.00000003,0.0101,0.00000002
img_059.jpg,587.95,AES,0.0007,0.00000000,0.0003,0.00000000
img_059.jpg,587.95,3DES,0.2833,0.00000047,0.1664,0.00000028
img_059.jpg,587.95,ChaCha20,0.0000,0.00000000,0.0005,0.00000000
img_059.jpg,587.95,Camellia,0.0054,0.00000001,0.0046,0.00000001
img_060.jpg,647.91,AES,0.0029,0.00000000,0.0002,0.00000000
img_060.jpg,647.91,3DES,0.4358,0.00000066,0.4803,0.00000072
img_060.jpg,647.91,ChaCha20,0.0017,0.00000000,0.0007,0.00000000
img_060.jpg,647.91,Camellia,0.0000,0.00000000,0.0083,0.00000001
img_061.jpg,674.23,AES,0.0016,0.00000000,0.0014,0.00000000
img_061.jpg,674.23,3DES,0.3675,0.00000053,0.2234,0.00000032
img_061.jpg,674.23,ChaCha20,0.0030,0.00000000,0.0011,0.00000000
img_061.jpg,674.23,Camellia,0.0046,0.00000001,0.0032,0.00000000
img_062.jpg,690.59,AES,0.0024,0.00000000,0.0021,0.00000000
img_062.jpg,690.59,3DES,0.6480,0.00000092,0.5456,0.00000077
img_062.jpg,690.59,ChaCha20,0.0003,0.00000000,0.0007,0.00000000
img_062.jpg,690.59,Camellia,0.0055,0.00000001,0.0069,0.00000001
img_063.jpg,623.74,AES,0.0008,0.00000000,0.0008,0.00000000
img_063.jpg,623.74,3DES,0.2944,0.00000046,0.2623,0.00000041
img_063.jpg,623.74,ChaCha20,0.0008,0.00000000,0.0005,0.00000000
img_063.jpg,623.74,Camellia,0.0013,0.00000000,0.0085,0.00000001
img_064.jpg,635.20,AES,0.0008,0.00000000,0.0024,0.00000000
img_064.jpg,635.20,3DES,0.2417,0.00000037,0.6721,0.00000103
img_064.jpg,635.20,ChaCha20,0.0016,0.00000000,0.0006,0.00000000
img_064.jpg,635.20,Camellia,0.0071,0.00000001,0.0077,0.00000001
img_065.jpg,688.47,AES,0.0039,0.00000001,0.0012,0.00000000
img_065.jpg,688.47,3DES,0.2789,0.00000040,0.3087,0.00000044
img_065.jpg,688.47,ChaCha20,0.0021,0.00000000,0.0015,0.00000000
img_065.jpg,688.47,Camellia,0.0205,0.00000003,0.0022,0.00000000
img_066.jpg,656.24,AES,0.0009,0.00000000,0.0016,0.00000000
img_066.jpg,656.24,3DES,0.7331,0.00000109,0.1870,0.00000028
img_066.jpg,656.24,ChaCha20,0.0018,0.00000000,0.0003,0.00000000
img_066.jpg,656.24,Camellia,0.0068,0.00000001,0.0007,0.00000000
img_067.jpg,630.24,AES,0.0038,0.00000001,0.0012,0.00000000
img_067.jpg,630.24,3DES,0.2161,0.00000033,0.1714,0.00000027
img_067.jpg,630.24,ChaCha20,0.0010,0.00000000,0.0044,0.00000001
img_067.jpg,630.24,Camellia,0.0015,0.00000000,0.0228,0.00000004
img_068.jpg,713.60,AES,0.0018,0.00000000,0.0008,0.00000000
img_068.jpg,713.60,3DES,0.5458,0.00000075,0.4963,0.00000068
img_068.jpg,713.60,ChaCha20,0.0003,0.00000000,0.0006,0.00000000
img_068.jpg,713.60,Camellia,0.0033,0.00000000,0.0064,0.00000001
img_069.jpg,682.44,AES,0.0013,0.00000000,0.0010,0.00000000
img_069.jpg,682.44,3DES,0.2688,0.00000038,0.4926,0.00000070
img_069.jpg,682.44,ChaCha20,0.0006,0.00000000,0.0013,0.00000000
img_069.jpg,682.44,Camellia,0.0179,0.00000003,0.0036,0.00000001
img_070.jpg,703.15,AES,0.0006,0.00000000,0.0002,0.00000000
img_070.jpg,703.15,3DES,0.2555,0.00000035,0.3989,0.00000055
img_070.jpg,703.15,ChaCha20,0.0010,0.00000000,0.0004,0.00000000
img_070.jpg,703.15,Camellia,0.0109,0.00000002,0.0091,0.00000001
img_071.jpg,776.85,AES,0.0003,0.00000000,0.0039,0.00000000
img_071.jpg,776.85,3DES,0.2376,0.00000030,0.4934,0.00000062
img_071.jpg,776.85,ChaCha20,0.0027,0.00000000,0.0049,0.00000001
img_071.jpg,776.85,Camellia,0.0030,0.00000000,0.0054,0.00000001
img_072.jpg,713.68,AES,0.0010,0.00000000,0.0039,0.00000001
img_072.jpg,713.68,3DES,0.2405,0.00000033,0.2811,0.00000038
img_072.jpg,713.68,ChaCha20,0.0006,0.00000000,0.0010,0.00000000
img_072.jpg,713.68,Camellia,0.0051,0.00000001,0.0017,0.00000000
img_073.jpg,829.75,AES,0.0009,0.00000000,0.0004,0.00000000
img_073.jpg,829.75,3DES,0.5448,0.00000064,0.3357,0.00000040
img_073.jpg,829.75,ChaCha20,0.0014,0.00000000,0.0081,0.00000001
img_073.jpg,829.75,Camellia,0.0109,0.00000001,0.0281,0.00000003
img_074.jpg,785.73,AES,0.0008,0.00000000,0.0011,0.00000000
img_074.jpg,785.73,3DES,0.7509,0.00000093,0.2656,0.00000033
img_074.jpg,785.73,ChaCha20,0.0013,0.00000000,0.0037,0.00000000
img_074.jpg,785.73,Camellia,0.0045,0.00000001,0.0114,0.00000001
img_075.jpg,822.43,AES,0.0003,0.00000000,0.0060,0.00000001
img_075.jpg,822.43,3DES,0.3700,0.00000044,0.2505,0.00000030
img_075.jpg,822.43,ChaCha20,0.0003,0.00000000,0.0000,0.00000000
img_075.jpg,822.43,Camellia,0.0021,0.00000000,0.0068,0.00000001
img_076.jpg,713.51,AES,0.0002,0.00000000,0.0066,0.00000001
img_076.jpg,713.51,3DES,0.3859,0.00000053,0.2431,0.00000033
img_076.jpg,713.51,ChaCha20,0.0005,0.00000000,0.0025,0.00000000
img_076.jpg,713.51,Camellia,0.0077,0.00000001,0.0000,0.00000000
img_077.jpg,840.50,AES,0.0000,0.00000000,0.0015,0.00000000
img_077.jpg,840.50,3DES,0.4329,0.00000050,0.3367,0.00000039
img_077.jpg,840.50,ChaCha20,0.0012,0.00000000,0.0003,0.00000000
img_077.jpg,840.50,Camellia,0.0085,0.00000001,0.0084,0.00000001
img_078.jpg,777.33,AES,0.0007,0.00000000,0.0011,0.00000000
img_078.jpg,777.33,3DES,0.3968,0.00000050,0.6190,0.00000078
img_078.jpg,777.33,ChaCha20,0.0013,0.00000000,0.0008,0.00000000
img_078.jpg,777.33,Camellia,0.0079,0.00000001,0.0050,0.00000001
img_079.jpg,774.50,AES,0.0029,0.00000000,0.0012,0.00000000
img_079.jpg,774.50,3DES,0.6859,0.00000086,0.2530,0.00000032
img_079.jpg,774.50,ChaCha20,0.0002,0.00000000,0.0170,0.00000002
img_079.jpg,774.50,Camellia,0.0014,0.00000000,0.0065,0.00000001
img_080.jpg,778.72,AES,0.0014,0.00000000,0.0008,0.00000000
img_080.jpg,778.72,3DES,0.7576,0.00000095,0.3201,0.00000040
img_080.jpg,778.72,ChaCha20,0.0005,0.00000000,0.0034,0.00000000
img_080.jpg,778.72,Camellia,0.0144,0.00000002,0.0106,0.00000001
img_081.jpg,894.38,AES,0.0024,0.00000000,0.0026,0.00000000
img_081.jpg,894.38,3DES,0.9585,0.00000105,0.7027,0.00000077
img_081.jpg,894.38,ChaCha20,0.0020,0.00000000,0.0063,0.00000001
img_081.jpg,894.38,Camellia,0.0225,0.00000002,0.0162,0.00000002
img_082.jpg,812.55,AES,0.0006,0.00000000,0.0009,0.00000000
img_082.jpg,812.55,3DES,1.0166,0.00000122,0.5054,0.00000061
img_082.jpg,812.55,ChaCha20,0.0020,0.00000000,0.0009,0.00000000
img_082.jpg,812.55,Camellia,0.0107,0.00000001,0.0157,0.00000002
img_083.jpg,772.95,AES,0.0012,0.00000000,0.0006,0.00000000
img_083.jpg,772.95,3DES,0.4360,0.00000055,0.5166,0.00000065
img_083.jpg,772.95,ChaCha20,0.0000,0.00000000,0.0007,0.00000000
img_083.jpg,772.95,Camellia,0.0262,0.00000003,0.0098,0.00000001
img_084.jpg,786.48,AES,0.0005,0.00000000,0.0043,0.00000001
img_084.jpg,786.48,3DES,0.2851,0.00000035,0.4923,0.00000061
img_084.jpg,786.48,ChaCha20,0.0025,0.00000000,0.0026,0.00000000
img_084.jpg,786.48,Camellia,0.0084,0.00000001,0.0008,0.00000000
img_085.jpg,926.24,AES,0.0093,0.00000001,0.0019,0.00000000
img_085.jpg,926.24,3DES,0.4566,0.00000048,0.5754,0.00000061
img_085.jpg,926.24,ChaCha20,0.0013,0.00000000,0.0012,0.00000000
img_085.jpg,926.24,Camellia,0.0224,0.00000002,0.0088,0.00000001
img_086.jpg,826.80,AES,0.0008,0.00000000,0.0031,0.00000000
img_086.jpg,826.80,3DES,0.3062,0.00000036,0.6896,0.00000081
img_086.jpg,826.80,ChaCha20,0.0009,0.00000000,0.0000,0.00000000
img_086.jpg,826.80,Camellia,0.0237,0.00000003,0.0046,0.00000001
img_087.jpg,941.81,AES,0.0023,0.00000000,0.0045,0.00000000
img_087.jpg,941.81,3DES,0.6983,0.00000072,0.9203,0.00000095
img_087.jpg,941.81,ChaCha20,0.0004,0.00000000,0.0000,0.00000000
img_087.jpg,941.81,Camellia,0.0343,0.00000004,0.0152,0.00000002
img_088.jpg,876.69,AES,0.0021,0.00000000,0.0014,0.00000000
img_088.jpg,876.69,3DES,0.4590,0.00000051,0.5702,0.00000064
img_088.jpg,876.69,ChaCha20,0.0006,0.00000000,0.0014,0.00000000
img_088.jpg,876.69,Camellia,0.0084,0.00000001,0.0138,0.00000002
img_089.jpg,884.63,AES,0.0011,0.00000000,0.0008,0.00000000
img_089.jpg,884.63,3DES,0.3929,0.00000043,0.8148,0.00000090
img_089.jpg,884.63,ChaCha20,0.0007,0.00000000,0.0017,0.00000000
img_089.jpg,884.63,Camellia,0.0133,0.00000001,0.0294,0.00000003
img_090.jpg,965.91,AES,0.0007,0.00000000,0.0033,0.00000000
img_090.jpg,965.91,3DES,0.3632,0.00000037,0.5427,0.00000055
img_090.jpg,965.91,ChaCha20,0.0005,0.00000000,0.0039,0.00000000
img_090.jpg,965.91,Camellia,0.0079,0.00000001,0.0073,0.00000001
img_091.jpg,823.60,AES,0.0009,0.00000000,0.0017,0.00000000
img_091.jpg,823.60,3DES,0.5594,0.00000066,0.3921,0.00000046
img_091.jpg,823.60,ChaCha20,0.0004,0.00000000,0.0011,0.00000000
img_091.jpg,823.60,Camellia,0.0213,0.00000003,0.0155,0.00000002
img_092.jpg,890.94,AES,0.0029,0.00000000,0.0013,0.00000000
img_092.jpg,890.94,3DES,0.4050,0.00000044,0.5840,0.00000064
img_092.jpg,890.94,ChaCha20,0.0025,0.00000000,0.0004,0.00000000
img_092.jpg,890.94,Camellia,0.0086,0.00000001,0.0072,0.00000001
img_093.jpg,927.33,AES,0.0020,0.00000000,0.0088,0.00000001
img_093.jpg,927.33,3DES,0.5012,0.00000053,0.5254,0.00000055
img_093.jpg,927.33,ChaCha20,0.0101,0.00000001,0.0051,0.00000001
img_093.jpg,927.33,Camellia,0.0049,0.00000001,0.0024,0.00000000
img_094.jpg,879.34,AES,0.0008,0.00000000,0.0077,0.00000001
img_094.jpg,879.34,3DES,0.5697,0.00000063,0.3566,0.00000040
img_094.jpg,879.34,ChaCha20,0.0009,0.00000000,0.0021,0.00000000
img_094.jpg,879.34,Camellia,0.0050,0.00000001,0.0038,0.00000000
img_095.jpg,879.80,AES,0.0010,0.00000000,0.0036,0.00000000
img_095.jpg,879.80,3DES,0.5989,0.00000066,0.3944,0.00000044
img_095.jpg,879.80,ChaCha20,0.0004,0.00000000,0.0023,0.00000000
img_095.jpg,879.80,Camellia,0.0032,0.00000000,0.0170,0.00000002
img_096.jpg,981.51,AES,0.0029,0.00000000,0.0035,0.00000000
img_096.jpg,981.51,3DES,1.1345,0.00000113,1.3600,0.00000135
img_096.jpg,981.51,ChaCha20,0.0045,0.00000000,0.0025,0.00000000
img_096.jpg,981.51,Camellia,0.0109,0.00000001,0.0123,0.00000001
img_097.jpg,1087.54,AES,0.0062,0.00000001,0.0048,0.00000000
img_097.jpg,1087.54,3DES,0.7760,0.00000070,0.5781,0.00000052
img_097.jpg,1087.54,ChaCha20,0.0025,0.00000000,0.0073,0.00000001
img_097.jpg,1087.54,Camellia,0.0031,0.00000000,0.0097,0.00000001
img_098.jpg,1078.69,AES,0.0042,0.00000000,0.0010,0.00000000
img_098.jpg,1078.69,3DES,0.4273,0.00000039,0.5002,0.00000045
img_098.jpg,1078.69,ChaCha20,0.0017,0.00000000,0.0020,0.00000000
img_098.jpg,1078.69,Camellia,0.0058,0.00000001,0.0137,0.00000001
img_099.jpg,1065.44,AES,0.0018,0.00000000,0.0043,0.00000000
img_099.jpg,1065.44,3DES,0.3783,0.00000035,0.6845,0.00000063
img_099.jpg,1065.44,ChaCha20,0.0015,0.00000000,0.0012,0.00000000
img_099.jpg,1065.44,Camellia,0.0073,0.00000001,0.0186,0.00000002
img_100.jpg,935.46,AES,0.0029,0.00000000,0.0046,0.00000000
img_100.jpg,935.46,3DES,0.4102,0.00000043,0.6857,0.00000072
img_100.jpg,935.46,ChaCha20,0.0006,0.00000000,0.0067,0.00000001
img_100.jpg,935.46,Camellia,0.0079,0.00000001,0.0105,0.00000001
text_001.txt,0.32,AES,0.0001,0.00000032,0.0000,0.00000011
text_001.txt,0.32,3DES,0.0002,0.00000075,0.0002,0.00000052
text_001.txt,0.32,ChaCha20,0.0002,0.00000064,0.0006,0.00000167
text_001.txt,0.32,Camellia,0.0001,0.00000022,0.0001,0.00000028
text_002.txt,0.65,AES,0.0000,0.00000005,0.0001,0.00000013
text_002.txt,0.65,3DES,0.0003,0.00000045,0.0007,0.00000099
text_002.txt,0.65,ChaCha20,0.0002,0.00000034,0.0000,0.00000007
text_002.txt,0.65,Camellia,0.0000,0.00000002,0.0003,0.00000039
text_003.txt,0.98,AES,0.0001,0.00000010,0.0002,0.00000021
text_003.txt,0.98,3DES,0.0004,0.00000036,0.0000,0.00000000
text_003.txt,0.98,ChaCha20,0.0003,0.00000033,0.0000,0.00000005
text_003.txt,0.98,Camellia,0.0002,0.00000024,0.0001,0.00000008
text_004.txt,1.31,AES,0.0002,0.00000012,0.0001,0.00000010
text_004.txt,1.31,3DES,0.0010,0.00000077,0.0008,0.00000062
text_004.txt,1.31,ChaCha20,0.0000,0.00000002,0.0000,0.00000001
text_004.txt,1.31,Camellia,0.0002,0.00000017,0.0002,0.00000013
text_005.txt,1.64,AES,0.0005,0.00000027,0.0001,0.00000003
text_005.txt,1.64,3DES,0.0000,0.00000000,0.0015,0.00000091
text_005.txt,1.64,ChaCha20,0.0005,0.00000029,0.0001,0.00000007
text_005.txt,1.64,Camellia,0.0002,0.00000009,0.0000,0.00000003
text_006.txt,1.96,AES,0.0001,0.00000003,0.0001,0.00000004
text_006.txt,1.96,3DES,0.0016,0.00000079,0.0003,0.00000014
text_006.txt,1.96,ChaCha20,0.0000,0.00000002,0.0002,0.00000008
text_006.txt,1.96,Camellia,0.0003,0.00000014,0.0004,0.00000020
text_007.txt,2.29,AES,0.0001,0.00000004,0.0002,0.00000008
text_007.txt,2.29,3DES,0.0007,0.00000032,0.0030,0.00000128
text_007.txt,2.29,ChaCha20,0.0005,0.00000022,0.0000,0.00000000
text_007.txt,2.29,Camellia,0.0001,0.00000003,0.0002,0.00000009
text_008.txt,2.62,AES,0.0003,0.00000010,0.0003,0.00000012
text_008.txt,2.62,3DES,0.0008,0.00000028,0.0005,0.00000020
text_008.txt,2.62,ChaCha20,0.0002,0.00000006,0.0000,0.00000001
text_008.txt,2.62,Camellia,0.0003,0.00000013,0.0006,0.00000022
text_009.txt,2.95,AES,0.0001,0.00000002,0.0005,0.00000017
text_009.txt,2.95,3DES,0.0037,0.00000123,0.0007,0.00000022
text_009.txt,2.95,ChaCha20,0.0001,0.00000002,0.0000,0.00000001
text_009.txt,2.95,Camellia,0.0002,0.00000008,0.0002,0.00000006
text_010.txt,3.28,AES,0.0001,0.00000002,0.0001,0.00000004
text_010.txt,3.28,3DES,0.0080,0.00000238,0.0019,0.00000055
text_010.txt,3.28,ChaCha20,0.0001,0.00000002,0.0001,0.00000003
text_010.txt,3.28,Camellia,0.0004,0.00000013,0.0002,0.00000005
text_011.txt,3.61,AES,0.0001,0.00000002,0.0000,0.00000001
text_011.txt,3.61,3DES,0.0004,0.00000010,0.0014,0.00000038
text_011.txt,3.61,ChaCha20,0.0001,0.00000003,0.0003,0.00000009
text_011.txt,3.61,Camellia,0.0001,0.00000003,0.0000,0.00000001
text_012.txt,3.93,AES,0.0002,0.00000005,0.0001,0.00000001
text_012.txt,3.93,3DES,0.0008,0.00000020,0.0012,0.00000029
text_012.txt,3.93,ChaCha20,0.0000,0.00000000,0.0001,0.00000004
text_012.txt,3.93,Camellia,0.0010,0.00000026,0.0001,0.00000002
text_013.txt,4.26,AES,0.0003,0.00000006,0.0002,0.00000004
text_013.txt,4.26,3DES,0.0009,0.00000021,0.0020,0.00000045
text_013.txt,4.26,ChaCha20,0.0000,0.00000000,0.0001,0.00000002
text_013.txt,4.26,Camellia,0.0001,0.00000003,0.0008,0.00000019
text_014.txt,4.59,AES,0.0002,0.00000003,0.0000,0.00000001
text_014.txt,4.59,3DES,0.0043,0.00000092,0.0052,0.00000110
text_014.txt,4.59,ChaCha20,0.0002,0.00000004,0.0001,0.00000001
text_014.txt,4.59,Camellia,0.0000,0.00000000,0.0005,0.00000011
text_015.txt,4.92,AES,0.0004,0.00000007,0.0002,0.00000005
text_015.txt,4.92,3DES,0.0066,0.00000132,0.0019,0.00000037
text_015.txt,4.92,ChaCha20,0.0000,0.00000000,0.0000,0.00000001
text_015.txt,4.92,Camellia,0.0000,0.00000000,0.0002,0.00000003
text_016.txt,5.25,AES,0.0002,0.00000004,0.0004,0.00000007
text_016.txt,5.25,3DES,0.0063,0.00000117,0.0068,0.00000127
text_016.txt,5.25,ChaCha20,0.0000,0.00000001,0.0002,0.00000004
text_016.txt,5.25,Camellia,0.0002,0.00000003,0.0002,0.00000004
text_017.txt,5.57,AES,0.0002,0.00000003,0.0001,0.00000001
text_017.txt,5.57,3DES,0.0027,0.00000048,0.0015,0.00000026
text_017.txt,5.57,ChaCha20,0.0001,0.00000001,0.0002,0.00000003
text_017.txt,5.57,Camellia,0.0001,0.00000001,0.0002,0.00000004
text_018.txt,5.90,AES,0.0002,0.00000003,0.0000,0.00000000
text_018.txt,5.90,3DES,0.0017,0.00000029,0.0044,0.00000073
text_018.txt,5.90,ChaCha20,0.0000,0.00000001,0.0000,0.00000000
text_018.txt,5.90,Camellia,0.0004,0.00000006,0.0000,0.00000000
text_019.txt,6.23,AES,0.0005,0.00000008,0.0000,0.00000000
text_019.txt,6.23,3DES,0.0038,0.00000059,0.0009,0.00000013
text_019.txt,6.23,ChaCha20,0.0001,0.00000001,0.0002,0.00000002
text_019.txt,6.23,Camellia,0.0001,0.00000002,0.0000,0.00000001
text_020.txt,6.56,AES,0.0002,0.00000003,0.0000,0.00000000
text_020.txt,6.56,3DES,0.0179,0.00000267,0.0053,0.00000079
text_020.txt,6.56,ChaCha20,0.0002,0.00000003,0.0000,0.00000000
text_020.txt,6.56,Camellia,0.0002,0.00000003,0.0001,0.00000002
text_021.txt,6.89,AES,0.0007,0.00000010,0.0001,0.00000001
text_021.txt,6.89,3DES,0.0055,0.00000079,0.0031,0.00000044
text_021.txt,6.89,ChaCha20,0.0001,0.00000001,0.0001,0.00000001
text_021.txt,6.89,Camellia,0.0001,0.00000002,0.0001,0.00000002
text_022.txt,7.21,AES,0.0000,0.00000001,0.0004,0.00000005
text_022.txt,7.21,3DES,0.0025,0.00000034,0.0056,0.00000076
text_022.txt,7.21,ChaCha20,0.0001,0.00000001,0.0002,0.00000003
text_022.txt,7.21,Camellia,0.0002,0.00000002,0.0001,0.00000002
text_023.txt,7.54,AES,0.0002,0.00000002,0.0001,0.00000001
text_023.txt,7.54,3DES,0.0015,0.00000020,0.0016,0.00000021
text_023.txt,7.54,ChaCha20,0.0000,0.00000000,0.0002,0.00000003
text_023.txt,7.54,Camellia,0.0000,0.00000001,0.0002,0.00000003
text_024.txt,7.87,AES,0.0001,0.00000001,0.0001,0.00000001
text_024.txt,7.87,3DES,0.0201,0.00000249,0.0073,0.00000091
text_024.txt,7.87,ChaCha20,0.0001,0.00000001,0.0001,0.00000002
text_024.txt,7.87,Camellia,0.0001,0.00000001,0.0003,0.00000004
text_025.txt,8.20,AES,0.0008,0.00000010,0.0000,0.00000001
text_025.txt,8.20,3DES,0.0019,0.00000022,0.0049,0.00000058
text_025.txt,8.20,ChaCha20,0.0001,0.00000002,0.0001,0.00000001
text_025.txt,8.20,Camellia,0.0001,0.00000001,0.0006,0.00000007
text_026.txt,8.53,AES,0.0002,0.00000002,0.0003,0.00000003
text_026.txt,8.53,3DES,0.0015,0.00000018,0.0070,0.00000080
text_026.txt,8.53,ChaCha20,0.0001,0.00000001,0.0002,0.00000002
text_026.txt,8.53,Camellia,0.0002,0.00000002,0.0006,0.00000007
text_027.txt,8.86,AES,0.0001,0.00000001,0.0000,0.00000000
text_027.txt,8.86,3DES,0.0023,0.00000025,0.0000,0.00000000
text_027.txt,8.86,ChaCha20,0.0001,0.00000001,0.0001,0.00000002
text_027.txt,8.86,Camellia,0.0004,0.00000004,0.0002,0.00000002
text_028.txt,9.18,AES,0.0002,0.00000002,0.0002,0.00000002
text_028.txt,9.18,3DES,0.0028,0.00000030,0.0041,0.00000043
text_028.txt,9.18,ChaCha20,0.0000,0.00000000,0.0001,0.00000001
text_028.txt,9.18,Camellia,0.0003,0.00000003,0.0002,0.00000002
text_029.txt,9.51,AES,0.0002,0.00000002,0.0000,0.00000000
text_029.txt,9.51,3DES,0.0027,0.00000028,0.0000,0.00000000
text_029.txt,9.51,ChaCha20,0.0000,0.00000000,0.0002,0.00000002
text_029.txt,9.51,Camellia,0.0001,0.00000001,0.0001,0.00000001
text_030.txt,9.84,AES,0.0001,0.00000001,0.0005,0.00000005
text_030.txt,9.84,3DES,0.0019,0.00000018,0.0028,0.00000028
text_030.txt,9.84,ChaCha20,0.0001,0.00000001,0.0003,0.00000003
text_030.txt,9.84,Camellia,0.0001,0.00000001,0.0001,0.00000001
text_031.txt,10.17,AES,0.0002,0.00000002,0.0001,0.00000001
text_031.txt,10.17,3DES,0.0034,0.00000032,0.0020,0.00000019
text_031.txt,10.17,ChaCha20,0.0002,0.00000002,0.0004,0.00000003
text_031.txt,10.17,Camellia,0.0002,0.00000002,0.0001,0.00000001
text_032.txt,10.50,AES,0.0000,0.00000000,0.0000,0.00000000
text_032.txt,10.50,3DES,0.0091,0.00000085,0.0036,0.00000034
text_032.txt,10.50,ChaCha20,0.0001,0.00000001,0.0001,0.00000001
text_032.txt,10.50,Camellia,0.0004,0.00000004,0.0001,0.00000001
text_033.txt,10.82,AES,0.0004,0.00000003,0.0001,0.00000001
text_033.txt,10.82,3DES,0.0136,0.00000123,0.0014,0.00000013
text_033.txt,10.82,ChaCha20,0.0001,0.00000001,0.0007,0.00000006
text_033.txt,10.82,Camellia,0.0002,0.00000002,0.0001,0.00000001
text_034.txt,11.15,AES,0.0003,0.00000003,0.0001,0.00000001
text_034.txt,11.15,3DES,0.0036,0.00000031,0.0088,0.00000077
text_034.txt,11.15,ChaCha20,0.0000,0.00000000,0.0004,0.00000004
text_034.txt,11.15,Camellia,0.0002,0.00000002,0.0001,0.00000001
text_035.txt,11.48,AES,0.0003,0.00000003,0.0003,0.00000003
text_035.txt,11.48,3DES,0.0025,0.00000021,0.0062,0.00000053
text_035.txt,11.48,ChaCha20,0.0000,0.00000000,0.0002,0.00000002
text_035.txt,11.48,Camellia,0.0001,0.00000001,0.0003,0.00000003
text_036.txt,11.81,AES,0.0001,0.00000001,0.0000,0.00000000
text_036.txt,11.81,3DES,0.0100,0.00000083,0.0093,0.00000077
text_036.txt,11.81,ChaCha20,0.0000,0.00000000,0.0002,0.00000002
text_036.txt,11.81,Camellia,0.0000,0.00000000,0.0001,0.00000001
text_037.txt,12.14,AES,0.0004,0.00000004,0.0002,0.00000002
text_037.txt,12.14,3DES,0.0021,0.00000017,0.0015,0.00000012
text_037.txt,12.14,ChaCha20,0.0000,0.00000000,0.0003,0.00000002
text_037.txt,12.14,Camellia,0.0004,0.00000003,0.0002,0.00000001
text_038.txt,12.46,AES,0.0006,0.00000005,0.0003,0.00000002
text_038.txt,12.46,3DES,0.0061,0.00000048,0.0074,0.00000058
text_038.txt,12.46,ChaCha20,0.0000,0.00000000,0.0002,0.00000001
text_038.txt,12.46,Camellia,0.0002,0.00000001,0.0001,0.00000001
text_039.txt,12.79,AES,0.0005,0.00000004,0.0001,0.00000001
text_039.txt,12.79,3DES,0.0020,0.00000015,0.0024,0.00000019
text_039.txt,12.79,ChaCha20,0.0001,0.00000001,0.0001,0.00000001
text_039.txt,12.79,Camellia,0.0015,0.00000011,0.0000,0.00000000
text_040.txt,13.12,AES,0.0007,0.00000005,0.0001,0.00000001
text_040.txt,13.12,3DES,0.0166,0.00000124,0.0104,0.00000077
text_040.txt,13.12,ChaCha20,0.0000,0.00000000,0.0000,0.00000000
text_040.txt,13.12,Camellia,0.0000,0.00000000,0.0008,0.00000006
text_041.txt,13.45,AES,0.0003,0.00000002,0.0002,0.00000001
text_041.txt,13.45,3DES,0.0027,0.00000019,0.0063,0.00000046
text_041.txt,13.45,ChaCha20,0.0003,0.00000002,0.0001,0.00000000
text_041.txt,13.45,Camellia,0.0003,0.00000002,0.0001,0.00000000
text_042.txt,13.78,AES,0.0005,0.00000004,0.0002,0.00000001
text_042.txt,13.78,3DES,0.0085,0.00000060,0.0157,0.00000111
text_042.txt,13.78,ChaCha20,0.0000,0.00000000,0.0000,0.00000000
text_042.txt,13.78,Camellia,0.0001,0.00000001,0.0006,0.00000004
text_043.txt,14.11,AES,0.0002,0.00000002,0.0001,0.00000001
text_043.txt,14.11,3DES,0.0113,0.00000078,0.0024,0.00000016
text_043.txt,14.11,ChaCha20,0.0001,0.00000000,0.0002,0.00000001
text_043.txt,14.11,Camellia,0.0003,0.00000002,0.0001,0.00000001
text_044.txt,14.43,AES,0.0004,0.00000003,0.0002,0.00000001
text_044.txt,14.43,3DES,0.0094,0.00000064,0.0059,0.00000040
text_044.txt,14.43,ChaCha20,0.0001,0.00000001,0.0001,0.00000001
text_044.txt,14.43,Camellia,0.0002,0.00000001,0.0003,0.00000002
text_045.txt,14.76,AES,0.0002,0.00000001,0.0002,0.00000002
text_045.txt,14.76,3DES,0.0066,0.00000044,0.0028,0.00000019
text_045.txt,14.76,ChaCha20,0.0001,0.00000001,0.0002,0.00000001
text_045.txt,14.76,Camellia,0.0016,0.00000010,0.0002,0.00000002
text_046.txt,15.09,AES,0.0002,0.00000002,0.0001,0.00000001
text_046.txt,15.09,3DES,0.0014,0.00000009,0.0088,0.00000057
text_046.txt,15.09,ChaCha20,0.0002,0.00000001,0.0001,0.00000001
text_046.txt,15.09,Camellia,0.0005,0.00000003,0.0016,0.00000010
text_047.txt,15.42,AES,0.0003,0.00000002,0.0001,0.00000001
text_047.txt,15.42,3DES,0.0049,0.00000031,0.0108,0.00000068
text_047.txt,15.42,ChaCha20,0.0000,0.00000000,0.0001,0.00000000
text_047.txt,15.42,Camellia,0.0005,0.00000003,0.0003,0.00000002
text_048.txt,15.75,AES,0.0003,0.00000002,0.0000,0.00000000
text_048.txt,15.75,3DES,0.0027,0.00000017,0.0084,0.00000052
text_048.txt,15.75,ChaCha20,0.0001,0.00000001,0.0001,0.00000000
text_048.txt,15.75,Camellia,0.0012,0.00000008,0.0014,0.00000009
text_049.txt,16.07,AES,0.0002,0.00000001,0.0003,0.00000002
text_049.txt,16.07,3DES,0.0041,0.00000025,0.0006,0.00000004
text_049.txt,16.07,ChaCha20,0.0000,0.00000000,0.0001,0.00000000
text_049.txt,16.07,Camellia,0.0033,0.00000020,0.0005,0.00000003
text_050.txt,16.40,AES,0.0000,0.00000000,0.0000,0.00000000
text_050.txt,16.40,3DES,0.0050,0.00000030,0.0081,0.00000048
text_050.txt,16.40,ChaCha20,0.0002,0.00000001,0.0000,0.00000000
text_050.txt,16.40,Camellia,0.0002,0.00000001,0.0002,0.00000001
text_051.txt,16.73,AES,0.0002,0.00000001,0.0001,0.00000001
text_051.txt,16.73,3DES,0.0108,0.00000063,0.0036,0.00000021
text_051.txt,16.73,ChaCha20,0.0000,0.00000000,0.0000,0.00000000
text_051.txt,16.73,Camellia,0.0010,0.00000006,0.0003,0.00000002
text_052.txt,17.06,AES,0.0001,0.00000001,0.0000,0.00000000
text_052.txt,17.06,3DES,0.0034,0.00000019,0.0064,0.00000036
text_052.txt,17.06,ChaCha20,0.0001,0.00000001,0.0000,0.00000000
text_052.txt,17.06,Camellia,0.0004,0.00000002,0.0008,0.00000005
text_053.txt,17.39,AES,0.0002,0.00000001,0.0002,0.00000001
text_053.txt,17.39,3DES,0.0060,0.00000034,0.0025,0.00000014
text_053.txt,17.39,ChaCha20,0.0000,0.00000000,0.0001,0.00000000
text_053.txt,17.39,Camellia,0.0005,0.00000003,0.0005,0.00000003
text_054.txt,17.71,AES,0.0001,0.00000000,0.0002,0.00000001
text_054.txt,17.71,3DES,0.0131,0.00000072,0.0074,0.00000041
text_054.txt,17.71,ChaCha20,0.0001,0.00000001,0.0000,0.00000000
text_054.txt,17.71,Camellia,0.0001,0.00000001,0.0000,0.00000000
text_055.txt,18.04,AES,0.0001,0.00000000,0.0001,0.00000001
text_055.txt,18.04,3DES,0.0152,0.00000082,0.0017,0.00000009
text_055.txt,18.04,ChaCha20,0.0001,0.00000000,0.0002,0.00000001
text_055.txt,18.04,Camellia,0.0004,0.00000002,0.0003,0.00000001
text_056.txt,18.37,AES,0.0000,0.00000000,0.0001,0.00000000
text_056.txt,18.37,3DES,0.0065,0.00000035,0.0016,0.00000008
text_056.txt,18.37,ChaCha20,0.0001,0.00000001,0.0001,0.00000000
text_056.txt,18.37,Camellia,0.0000,0.00000000,0.0003,0.00000001
text_057.txt,18.70,AES,0.0002,0.00000001,0.0002,0.00000001
text_057.txt,18.70,3DES,0.0107,0.00000056,0.0008,0.00000004
text_057.txt,18.70,ChaCha20,0.0001,0.00000000,0.0001,0.00000001
text_057.txt,18.70,Camellia,0.0004,0.00000002,0.0003,0.00000001
text_058.txt,19.03,AES,0.0000,0.00000000,0.0004,0.00000002
text_058.txt,19.03,3DES,0.0228,0.00000117,0.0038,0.00000020
text_058.txt,19.03,ChaCha20,0.0002,0.00000001,0.0001,0.00000001
text_058.txt,19.03,Camellia,0.0007,0.00000004,0.0004,0.00000002
text_059.txt,19.36,AES,0.0003,0.00000001,0.0003,0.00000002
text_059.txt,19.36,3DES,0.0058,0.00000029,0.0009,0.00000004
text_059.txt,19.36,ChaCha20,0.0000,0.00000000,0.0007,0.00000003
text_059.txt,19.36,Camellia,0.0004,0.00000002,0.0005,0.00000003
text_060.txt,19.68,AES,0.0001,0.00000000,0.0000,0.00000000
text_060.txt,19.68,3DES,0.0039,0.00000020,0.0120,0.00000060
text_060.txt,19.68,ChaCha20,0.0002,0.00000001,0.0001,0.00000001
text_060.txt,19.68,Camellia,0.0003,0.00000001,0.0006,0.00000003
text_061.txt,20.01,AES,0.0002,0.00000001,0.0001,0.00000000
text_061.txt,20.01,3DES,0.0039,0.00000019,0.0078,0.00000038
text_061.txt,20.01,ChaCha20,0.0000,0.00000000,0.0001,0.00000000
text_061.txt,20.01,Camellia,0.0005,0.00000003,0.0003,0.00000002
text_062.txt,20.34,AES,0.0002,0.00000001,0.0002,0.00000001
text_062.txt,20.34,3DES,0.0170,0.00000081,0.0084,0.00000040
text_062.txt,20.34,ChaCha20,0.0001,0.00000001,0.0001,0.00000000
text_062.txt,20.34,Camellia,0.0007,0.00000003,0.0003,0.00000001
text_063.txt,20.67,AES,0.0003,0.00000001,0.0002,0.00000001
text_063.txt,20.67,3DES,0.0070,0.00000033,0.0000,0.00000000
text_063.txt,20.67,ChaCha20,0.0000,0.00000000,0.0001,0.00000000
text_063.txt,20.67,Camellia,0.0002,0.00000001,0.0001,0.00000000
text_064.txt,21.00,AES,0.0003,0.00000001,0.0000,0.00000000
text_064.txt,21.00,3DES,0.0065,0.00000030,0.0052,0.00000024
text_064.txt,21.00,ChaCha20,0.0002,0.00000001,0.0001,0.00000000
text_064.txt,21.00,Camellia,0.0004,0.00000002,0.0005,0.00000002
text_065.txt,21.32,AES,0.0001,0.00000000,0.0000,0.00000000
text_065.txt,21.32,3DES,0.0048,0.00000022,0.0218,0.00000100
text_065.txt,21.32,ChaCha20,0.0000,0.00000000,0.0000,0.00000000
text_065.txt,21.32,Camellia,0.0007,0.00000003,0.0002,0.00000001
text_066.txt,21.65,AES,0.0005,0.00000002,0.0000,0.00000000
text_066.txt,21.65,3DES,0.0080,0.00000036,0.0025,0.00000011
text_066.txt,21.65,ChaCha20,0.0002,0.00000001,0.0001,0.00000000
text_066.txt,21.65,Camellia,0.0003,0.00000001,0.0002,0.00000001
text_067.txt,21.98,AES,0.0001,0.00000001,0.0008,0.00000003
text_067.txt,21.98,3DES,0.0065,0.00000029,0.0188,0.00000084
text_067.txt,21.98,ChaCha20,0.0000,0.00000000,0.0001,0.00000000
text_067.txt,21.98,Camellia,0.0017,0.00000007,0.0001,0.00000000
text_068.txt,22.31,AES,0.0001,0.00000000,0.0000,0.00000000
text_068.txt,22.31,3DES,0.0078,0.00000034,0.0010,0.00000004
text_068.txt,22.31,ChaCha20,0.0002,0.00000001,0.0002,0.00000001
text_068.txt,22.31,Camellia,0.0005,0.00000002,0.0003,0.00000001
text_069.txt,22.64,AES,0.0004,0.00000002,0.0006,0.00000003
text_069.txt,22.64,3DES,0.0196,0.00000085,0.0136,0.00000059
text_069.txt,22.64,ChaCha20,0.0000,0.00000000,0.0000,0.00000000
text_069.txt,22.64,Camellia,0.0006,0.00000003,0.0005,0.00000002
text_070.txt,22.96,AES,0.0006,0.00000003,0.0000,0.00000000
text_070.txt,22.96,3DES,0.0105,0.00000045,0.0062,0.00000026
text_070.txt,22.96,ChaCha20,0.0002,0.00000001,0.0001,0.00000000
text_070.txt,22.96,Camellia,0.0005,0.00000002,0.0001,0.00000001
text_071.txt,23.29,AES,0.0005,0.00000002,0.0005,0.00000002
text_071.txt,23.29,3DES,0.0053,0.00000022,0.0149,0.00000062
text_071.txt,23.29,ChaCha20,0.0000,0.00000000,0.0001,0.00000000
text_071.txt,23.29,Camellia,0.0009,0.00000004,0.0003,0.00000001
text_072.txt,23.62,AES,0.0002,0.00000001,0.0000,0.00000000
text_072.txt,23.62,3DES,0.0033,0.00000013,0.0018,0.00000008
text_072.txt,23.62,ChaCha20,0.0001,0.00000001,0.0003,0.00000001
text_072.txt,23.62,Camellia,0.0005,0.00000002,0.0002,0.00000001
text_073.txt,23.95,AES,0.0003,0.00000001,0.0000,0.00000000
text_073.txt,23.95,3DES,0.0037,0.00000015,0.0052,0.00000021
text_073.txt,23.95,ChaCha20,0.0001,0.00000001,0.0001,0.00000000
text_073.txt,23.95,Camellia,0.0008,0.00000003,0.0003,0.00000001
text_074.txt,24.28,AES,0.0001,0.00000000,0.0001,0.00000000
text_074.txt,24.28,3DES,0.0040,0.00000016,0.0014,0.00000006
text_074.txt,24.28,ChaCha20,0.0003,0.00000001,0.0001,0.00000001
text_074.txt,24.28,Camellia,0.0027,0.00000011,0.0003,0.00000001
text_075.txt,24.61,AES,0.0003,0.00000001,0.0003,0.00000001
text_075.txt,24.61,3DES,0.0044,0.00000018,0.0090,0.00000036
text_075.txt,24.61,ChaCha20,0.0001,0.00000000,0.0000,0.00000000
text_075.txt,24.61,Camellia,0.0002,0.00000001,0.0006,0.00000002
text_076.txt,24.93,AES,0.0004,0.00000002,0.0002,0.00000001
text_076.txt,24.93,3DES,0.0026,0.00000010,0.0000,0.00000000
text_076.txt,24.93,ChaCha20,0.0001,0.00000001,0.0006,0.00000002
text_076.txt,24.93,Camellia,0.0009,0.00000003,0.0003,0.00000001
text_077.txt,25.26,AES,0.0001,0.00000001,0.0001,0.00000000
text_077.txt,25.26,3DES,0.0080,0.00000031,0.0048,0.00000019
text_077.txt,25.26,ChaCha20,0.0001,0.00000001,0.0002,0.00000001
text_077.txt,25.26,Camellia,0.0000,0.00000000,0.0007,0.00000003
text_078.txt,25.59,AES,0.0001,0.00000000,0.0004,0.00000002
text_078.txt,25.59,3DES,0.0032,0.00000012,0.0011,0.00000004
text_078.txt,25.59,ChaCha20,0.0001,0.00000000,0.0001,0.00000000
text_078.txt,25.59,Camellia,0.0027,0.00000010,0.0000,0.00000000
text_079.txt,25.92,AES,0.0000,0.00000000,0.0000,0.00000000
text_079.txt,25.92,3DES,0.0142,0.00000053,0.0055,0.00000021
text_079.txt,25.92,ChaCha20,0.0001,0.00000000,0.0000,0.00000000
text_079.txt,25.92,Camellia,0.0002,0.00000001,0.0022,0.00000008
text_080.txt,26.25,AES,0.0004,0.00000002,0.0001,0.00000000
text_080.txt,26.25,3DES,0.0012,0.00000005,0.0011,0.00000004
text_080.txt,26.25,ChaCha20,0.0000,0.00000000,0.0000,0.00000000
text_080.txt,26.25,Camellia,0.0025,0.00000009,0.0003,0.00000001
text_081.txt,26.57,AES,0.0001,0.00000000,0.0000,0.00000000
text_081.txt,26.57,3DES,0.0064,0.00000023,0.0191,0.00000070
text_081.txt,26.57,ChaCha20,0.0005,0.00000002,0.0001,0.00000000
text_081.txt,26.57,Camellia,0.0002,0.00000001,0.0008,0.00000003
text_082.txt,26.90,AES,0.0002,0.00000001,0.0009,0.00000003
text_082.txt,26.90,3DES,0.0065,0.00000024,0.0000,0.00000000
text_082.txt,26.90,ChaCha20,0.0001,0.00000000,0.0002,0.00000001
text_082.txt,26.90,Camellia,0.0004,0.00000002,0.0007,0.00000003
text_083.txt,27.23,AES,0.0002,0.00000001,0.0001,0.00000001
text_083.txt,27.23,3DES,0.0180,0.00000065,0.0069,0.00000025
text_083.txt,27.23,ChaCha20,0.0002,0.00000001,0.0002,0.00000001
text_083.txt,27.23,Camellia,0.0002,0.00000001,0.0011,0.00000004
text_084.txt,27.56,AES,0.0001,0.00000000,0.0003,0.00000001
text_084.txt,27.56,3DES,0.0105,0.00000037,0.0010,0.00000004
text_084.txt,27.56,ChaCha20,0.0000,0.00000000,0.0001,0.00000000
text_084.txt,27.56,Camellia,0.0027,0.00000010,0.0019,0.00000007
text_085.txt,27.89,AES,0.0001,0.00000000,0.0000,0.00000000
text_085.txt,27.89,3DES,0.0153,0.00000053,0.0130,0.00000046
text_085.txt,27.89,ChaCha20,0.0003,0.00000001,0.0001,0.00000000
text_085.txt,27.89,Camellia,0.0017,0.00000006,0.0010,0.00000003
text_086.txt,28.21,AES,0.0000,0.00000000,0.0002,0.00000001
text_086.txt,28.21,3DES,0.0164,0.00000057,0.0037,0.00000013
text_086.txt,28.21,ChaCha20,0.0001,0.00000000,0.0000,0.00000000
text_086.txt,28.21,Camellia,0.0012,0.00000004,0.0019,0.00000007
text_087.txt,28.54,AES,0.0001,0.00000000,0.0000,0.00000000
text_087.txt,28.54,3DES,0.0238,0.00000081,0.0103,0.00000035
text_087.txt,28.54,ChaCha20,0.0001,0.00000000,0.0001,0.00000000
text_087.txt,28.54,Camellia,0.0012,0.00000004,0.0010,0.00000003
text_088.txt,28.87,AES,0.0000,0.00000000,0.0001,0.00000000
text_088.txt,28.87,3DES,0.0238,0.00000080,0.0063,0.00000021
text_088.txt,28.87,ChaCha20,0.0000,0.00000000,0.0001,0.00000000
text_088.txt,28.87,Camellia,0.0011,0.00000004,0.0008,0.00000003
text_089.txt,29.20,AES,0.0002,0.00000001,0.0000,0.00000000
text_089.txt,29.20,3DES,0.0297,0.00000099,0.0074,0.00000025
text_089.txt,29.20,ChaCha20,0.0001,0.00000000,0.0003,0.00000001
text_089.txt,29.20,Camellia,0.0010,0.00000003,0.0002,0.00000001
text_090.txt,29.53,AES,0.0001,0.00000000,0.0002,0.00000001
text_090.txt,29.53,3DES,0.0094,0.00000031,0.0110,0.00000036
text_090.txt,29.53,ChaCha20,0.0000,0.00000000,0.0001,0.00000000
text_090.txt,29.53,Camellia,0.0005,0.00000002,0.0012,0.00000004
text_091.txt,29.86,AES,0.0001,0.00000000,0.0002,0.00000001
text_091.txt,29.86,3DES,0.0182,0.00000059,0.0012,0.00000004
text_091.txt,29.86,ChaCha20,0.0001,0.00000000,0.0001,0.00000000
text_091.txt,29.86,Camellia,0.0000,0.00000000,0.0008,0.00000003
text_092.txt,30.18,AES,0.0001,0.00000000,0.0001,0.00000000
text_092.txt,30.18,3DES,0.0066,0.00000021,0.0040,0.00000013
text_092.txt,30.18,ChaCha20,0.0000,0.00000000,0.0001,0.00000000
text_092.txt,30.18,Camellia,0.0012,0.00000004,0.0042,0.00000014
text_093.txt,30.51,AES,0.0001,0.00000000,0.0001,0.00000000
text_093.txt,30.51,3DES,0.0398,0.00000127,0.0000,0.00000000
text_093.txt,30.51,ChaCha20,0.0001,0.00000000,0.0001,0.00000000
text_093.txt,30.51,Camellia,0.0012,0.00000004,0.0013,0.00000004
text_094.txt,30.84,AES,0.0002,0.00000001,0.0001,0.00000000
text_094.txt,30.84,3DES,0.0136,0.00000043,0.0096,0.00000031
text_094.txt,30.84,ChaCha20,0.0000,0.00000000,0.0000,0.00000000
text_094.txt,30.84,Camellia,0.0000,0.00000000,0.0007,0.00000002
text_095.txt,31.17,AES,0.0002,0.00000001,0.0001,0.00000000
text_095.txt,31.17,3DES,0.0245,0.00000077,0.0085,0.00000027
text_095.txt,31.17,ChaCha20,0.0002,0.00000001,0.0002,0.00000001
text_095.txt,31.17,Camellia,0.0012,0.00000004,0.0022,0.00000007
text_096.txt,31.50,AES,0.0000,0.00000000,0.0005,0.00000001
text_096.txt,31.50,3DES,0.0071,0.00000022,0.0066,0.00000021
text_096.txt,31.50,ChaCha20,0.0001,0.00000000,0.0000,0.00000000
text_096.txt,31.50,Camellia,0.0007,0.00000002,0.0004,0.00000001
text_097.txt,31.82,AES,0.0002,0.00000001,0.0000,0.00000000
text_097.txt,31.82,3DES,0.0346,0.00000106,0.0080,0.00000025
text_097.txt,31.82,ChaCha20,0.0002,0.00000000,0.0000,0.00000000
text_097.txt,31.82,Camellia,0.0042,0.00000013,0.0003,0.00000001
text_098.txt,32.15,AES,0.0003,0.00000001,0.0001,0.00000000
text_098.txt,32.15,3DES,0.0038,0.00000012,0.0038,0.00000012
text_098.txt,32.15,ChaCha20,0.0001,0.00000000,0.0002,0.00000001
text_098.txt,32.15,Camellia,0.0011,0.00000003,0.0004,0.00000001
text_099.txt,32.48,AES,0.0004,0.00000001,0.0002,0.00000001
text_099.txt,32.48,3DES,0.0477,0.00000143,0.0015,0.00000004
text_099.txt,32.48,ChaCha20,0.0001,0.00000000,0.0001,0.00000000
text_099.txt,32.48,Camellia,0.0005,0.00000001,0.0018,0.00000005
text_100.txt,32.81,AES,0.0000,0.00000000,0.0000,0.00000000
text_100.txt,32.81,3DES,0.0061,0.00000018,0.0140,0.00000042
text_100.txt,32.81,ChaCha20,0.0001,0.00000000,0.0002,0.00000001
text_100.txt,32.81,Camellia,0.0017,0.00000005,0.0008,0.00000003
