Archivo,Tama√±o (KB),Algoritmo,Tiempo Encrypt (s),Velocidad Encrypt (bytes/s),Tiempo Decrypt (s),Velocidad Decrypt (bytes/s)
audio_001.mp3,25.85,AES,0.001148,23050382.88,0.000055,482654973.77
audio_001.mp3,25.85,3DES,0.009081,2914430.14,0.006337,4176786.97
audio_001.mp3,25.85,ChaCha20,0.000114,231272174.93,0.000030,895247128.77
audio_001.mp3,25.85,Camellia,0.000224,118348234.51,0.000160,165687528.31
audio_002.mp3,74.83,AES,0.000130,590764634.35,0.000081,950816452.92
audio_002.mp3,74.83,3DES,0.017588,4356517.79,0.017735,4320382.34
audio_002.mp3,74.83,ChaCha20,0.000162,471917710.85,0.000061,1255374848.00
audio_002.mp3,74.83,Camellia,0.000509,150597919.91,0.000456,168171617.52
audio_003.mp3,123.19,AES,0.000314,402060372.04,0.000056,2251538083.40
audio_003.mp3,123.19,3DES,0.027268,4626272.83,0.026579,4746160.36
audio_003.mp3,123.19,ChaCha20,0.000199,632908432.54,0.000083,1524816857.64
audio_003.mp3,123.19,Camellia,0.000811,155529526.63,0.000798,158132531.26
audio_004.mp3,172.17,AES,0.000280,629341929.12,0.000138,1274959942.62
audio_004.mp3,172.17,3DES,0.036707,4802982.34,0.037026,4761601.85
audio_004.mp3,172.17,ChaCha20,0.000235,749216582.29,0.000127,1387386053.88
audio_004.mp3,172.17,Camellia,0.001086,162272715.98,0.001039,169760506.59
audio_005.mp3,220.54,AES,0.000496,454955067.02,0.000432,523324005.27
audio_005.mp3,220.54,3DES,0.051156,4414630.90,0.047777,4726841.27
audio_005.mp3,220.54,ChaCha20,0.000320,705298919.98,0.000109,2077229056.00
audio_005.mp3,220.54,Camellia,0.001419,159142548.65,0.001380,163595241.72
audio_006.mp3,269.52,AES,0.000538,513112485.22,0.000474,582577637.97
audio_006.mp3,269.52,3DES,0.056976,4843924.77,0.056464,4887899.84
audio_006.mp3,269.52,ChaCha20,0.000298,927549492.51,0.000121,2283198750.80
audio_006.mp3,269.52,Camellia,0.001754,157322882.12,0.001616,170759959.68
audio_007.mp3,318.50,AES,0.001740,187415684.86,0.000897,363622297.65
audio_007.mp3,318.50,3DES,0.069699,4679349.80,0.069438,4696878.53
audio_007.mp3,318.50,ChaCha20,0.000457,713215372.15,0.000353,924913511.68
audio_007.mp3,318.50,Camellia,0.002154,151438844.66,0.001988,164022432.11
audio_008.mp3,366.87,AES,0.001154,325554250.47,0.000947,396697525.75
audio_008.mp3,366.87,3DES,0.077854,4825330.04,0.078212,4803251.30
audio_008.mp3,366.87,ChaCha20,0.000534,704058343.29,0.000461,814727286.60
audio_008.mp3,366.87,Camellia,0.002584,145398410.29,0.002808,133793204.75
audio_009.mp3,415.85,AES,0.001203,353883076.96,0.000835,509862372.08
audio_009.mp3,415.85,3DES,0.091959,4630642.02,0.098340,4330169.98
audio_009.mp3,415.85,ChaCha20,0.000554,768854020.41,0.000449,947505511.62
audio_009.mp3,415.85,Camellia,0.002967,143503767.43,0.003431,124117296.00
audio_010.mp3,464.21,AES,0.001049,453235593.98,0.000757,627567950.24
audio_010.mp3,464.21,3DES,0.105177,4519564.72,0.100127,4747521.51
audio_010.mp3,464.21,ChaCha20,0.000621,765955965.39,0.000450,1056588965.51
audio_010.mp3,464.21,Camellia,0.003356,141624050.14,0.003141,151353782.58
audio_011.mp3,513.19,AES,0.000999,526049807.89,0.000894,588086631.55
audio_011.mp3,513.19,3DES,0.114377,4594541.73,0.108818,4829243.20
audio_011.mp3,513.19,ChaCha20,0.000639,822136775.47,0.000555,946392741.54
audio_011.mp3,513.19,Camellia,0.003972,132301842.44,0.003976,132174903.76
audio_012.mp3,561.56,AES,0.000922,623386969.13,0.000780,736903203.04
audio_012.mp3,561.56,3DES,0.118915,4835722.27,0.117757,4883256.19
audio_012.mp3,561.56,ChaCha20,0.000662,868834360.07,0.000643,894615795.09
audio_012.mp3,561.56,Camellia,0.003761,152892816.71,0.003272,175754877.47
audio_013.mp3,610.54,AES,0.001110,563440845.50,0.001038,602124843.85
audio_013.mp3,610.54,3DES,0.128856,4851883.29,0.131614,4750201.43
audio_013.mp3,610.54,ChaCha20,0.000673,929547570.00,0.000522,1197376116.43
audio_013.mp3,610.54,Camellia,0.003835,163024786.76,0.003559,175660081.39
audio_014.mp3,659.52,AES,0.000994,679611087.36,0.000797,847581990.45
audio_014.mp3,659.52,3DES,0.141293,4779791.25,0.142122,4751911.19
audio_014.mp3,659.52,ChaCha20,0.000793,851147539.69,0.000732,922076501.33
audio_014.mp3,659.52,Camellia,0.004505,149897815.11,0.004130,163536690.27
audio_015.mp3,707.89,AES,0.001533,472912505.93,0.001136,637925828.91
audio_015.mp3,707.89,3DES,0.162878,4450421.64,0.160643,4512351.12
audio_015.mp3,707.89,ChaCha20,0.000847,856196705.32,0.000761,952193705.17
audio_015.mp3,707.89,Camellia,0.005135,141168895.42,0.004677,155001503.98
audio_016.mp3,756.87,AES,0.001689,458946748.23,0.001449,534921806.44
audio_016.mp3,756.87,3DES,0.169735,4566130.77,0.168239,4606728.89
audio_016.mp3,756.87,ChaCha20,0.000838,925340113.22,0.000775,999606340.01
audio_016.mp3,756.87,Camellia,0.005199,149067722.19,0.004883,158726553.60
audio_017.mp3,805.23,AES,0.001425,578724114.16,0.001234,668300542.27
audio_017.mp3,805.23,3DES,0.196106,4204670.86,0.180150,4577085.96
audio_017.mp3,805.23,ChaCha20,0.001312,628238929.38,0.001182,697691205.62
audio_017.mp3,805.23,Camellia,0.005792,142358413.86,0.005825,141565915.11
audio_018.mp3,854.21,AES,0.001725,507093382.63,0.001629,537083973.56
audio_018.mp3,854.21,3DES,0.194042,4507870.57,0.198178,4413778.09
audio_018.mp3,854.21,ChaCha20,0.001150,760534955.09,0.000932,939037784.33
audio_018.mp3,854.21,Camellia,0.006704,130474790.12,0.007174,121932288.32
audio_019.mp3,902.58,AES,0.002105,438971363.59,0.002125,435030424.40
audio_019.mp3,902.58,3DES,0.208976,4422732.63,0.197294,4684586.36
audio_019.mp3,902.58,ChaCha20,0.001026,900477610.19,0.000990,933884873.98
audio_019.mp3,902.58,Camellia,0.005986,154401406.46,0.005577,165721448.01
audio_020.mp3,951.56,AES,0.001840,529531151.72,0.001928,505369287.62
audio_020.mp3,951.56,3DES,0.219286,4443494.05,0.212436,4586784.63
audio_020.mp3,951.56,ChaCha20,0.001103,883658687.35,0.001056,922763926.17
audio_020.mp3,951.56,Camellia,0.006457,150909143.67,0.006485,150243416.99
audio_021.mp3,999.93,AES,0.001942,527211037.54,0.001978,517740941.75
audio_021.mp3,999.93,3DES,0.218062,4695579.04,0.208847,4902760.27
audio_021.mp3,999.93,ChaCha20,0.001130,906429107.60,0.000985,1039366193.56
audio_021.mp3,999.93,Camellia,0.006715,152476784.49,0.006244,163993474.56
audio_022.mp3,1048.91,AES,0.001725,622671241.04,0.001605,669195845.06
audio_022.mp3,1048.91,3DES,0.228764,4695147.02,0.230929,4651137.25
audio_022.mp3,1048.91,ChaCha20,0.001061,1012593038.64,0.000918,1170440745.37
audio_022.mp3,1048.91,Camellia,0.007066,151996573.06,0.006526,164573187.29
audio_023.mp3,1097.89,AES,0.002873,391318817.10,0.002167,518744966.56
audio_023.mp3,1097.89,3DES,0.233625,4812139.82,0.232618,4832973.15
audio_023.mp3,1097.89,ChaCha20,0.000995,1129976454.84,0.000939,1197407756.74
audio_023.mp3,1097.89,Camellia,0.007422,151479062.80,0.006913,162622146.02
audio_024.mp3,1146.25,AES,0.001756,668449047.46,0.001651,710920900.30
audio_024.mp3,1146.25,3DES,0.250668,4682551.77,0.254575,4610679.90
audio_024.mp3,1146.25,ChaCha20,0.001068,1098912329.14,0.001003,1170501006.79
audio_024.mp3,1146.25,Camellia,0.007980,147086350.41,0.007245,162014257.23
audio_025.mp3,1195.23,AES,0.002017,606795809.89,0.001607,761532792.12
audio_025.mp3,1195.23,3DES,0.261411,4681981.03,0.252228,4852430.10
audio_025.mp3,1195.23,ChaCha20,0.001060,1154372060.19,0.000973,1257592491.84
audio_025.mp3,1195.23,Camellia,0.007848,155947887.23,0.007198,170033869.42
audio_026.mp3,1243.60,AES,0.001925,661698221.03,0.001698,749751268.98
audio_026.mp3,1243.60,3DES,0.276995,4597373.08,0.266318,4781680.56
audio_026.mp3,1243.60,ChaCha20,0.001080,1179339377.39,0.001014,1256168400.80
audio_026.mp3,1243.60,Camellia,0.008409,151446865.15,0.007639,166704995.01
audio_027.mp3,1292.58,AES,0.005442,243224243.47,0.001771,747186185.37
audio_027.mp3,1292.58,3DES,0.276015,4795405.81,0.282648,4682865.60
audio_027.mp3,1292.58,ChaCha20,0.001356,976190145.47,0.001248,1060678898.99
audio_027.mp3,1292.58,Camellia,0.009428,140390283.16,0.008691,152290375.74
audio_028.mp3,1340.95,AES,0.002258,608166107.72,0.002179,630123965.00
audio_028.mp3,1340.95,3DES,0.292244,4698573.65,0.283002,4852023.97
audio_028.mp3,1340.95,ChaCha20,0.001201,1142951585.66,0.001397,982989083.48
audio_028.mp3,1340.95,Camellia,0.008618,159330872.28,0.008392,163626712.89
audio_029.mp3,1389.93,AES,0.005545,256694975.80,0.002292,621067244.82
audio_029.mp3,1389.93,3DES,0.305406,4660306.13,0.297419,4785463.61
audio_029.mp3,1389.93,ChaCha20,0.001297,1097774615.16,0.001509,943378375.04
audio_029.mp3,1389.93,Camellia,0.010627,133930818.15,0.009135,155809843.85
audio_030.mp3,1438.91,AES,0.002245,656197034.87,0.002195,671381170.49
audio_030.mp3,1438.91,3DES,0.308821,4771188.86,0.307856,4786138.98
audio_030.mp3,1438.91,ChaCha20,0.001745,844270993.77,0.001351,1090727792.86
audio_030.mp3,1438.91,Camellia,0.010330,142640993.27,0.009358,157457863.24
audio_031.mp3,1487.28,AES,0.002582,589878951.23,0.002476,615039395.62
audio_031.mp3,1487.28,3DES,0.319692,4763871.57,0.309959,4913453.55
audio_031.mp3,1487.28,ChaCha20,0.001344,1132789353.23,0.001223,1245427795.45
audio_031.mp3,1487.28,Camellia,0.009747,156253495.83,0.010806,140942570.12
audio_032.mp3,1536.25,AES,0.002279,690328989.33,0.002047,768479440.95
audio_032.mp3,1536.25,3DES,0.326022,4825208.99,0.330497,4759883.28
audio_032.mp3,1536.25,ChaCha20,0.001278,1230771214.33,0.001207,1303469869.62
audio_032.mp3,1536.25,Camellia,0.009775,160926915.93,0.009152,171880912.79
audio_033.mp3,1584.62,AES,0.002254,719820197.62,0.002108,769811103.78
audio_033.mp3,1584.62,3DES,0.346030,4689338.78,0.341802,4747342.90
audio_033.mp3,1584.62,ChaCha20,0.001433,1132052556.31,0.001590,1020221851.07
audio_033.mp3,1584.62,Camellia,0.011235,144428410.09,0.009946,163144520.66
audio_034.mp3,1633.60,AES,0.002472,676788394.49,0.002326,719174383.52
audio_034.mp3,1633.60,3DES,0.351166,4763585.00,0.365779,4573279.06
audio_034.mp3,1633.60,ChaCha20,0.001964,851798626.40,0.001627,1028174866.01
audio_034.mp3,1633.60,Camellia,0.011868,140956792.14,0.011269,148438980.38
audio_035.mp3,1681.97,AES,0.003131,550106668.76,0.002745,627519177.74
audio_035.mp3,1681.97,3DES,0.390923,4405821.47,0.374046,4604611.99
audio_035.mp3,1681.97,ChaCha20,0.001644,1047563917.36,0.001357,1269595918.13
audio_035.mp3,1681.97,Camellia,0.011390,151215137.72,0.010727,160554757.84
audio_036.mp3,1730.95,AES,0.002906,609974588.58,0.002441,726012723.20
audio_036.mp3,1730.95,3DES,0.376980,4701815.92,0.382338,4635931.79
audio_036.mp3,1730.95,ChaCha20,0.001505,1177815317.74,0.001412,1255593697.95
audio_036.mp3,1730.95,Camellia,0.011968,148100926.04,0.011170,158687918.32
audio_037.mp3,1779.32,AES,0.004344,419435004.07,0.002526,721225535.49
audio_037.mp3,1779.32,3DES,0.386611,4712802.26,0.379331,4803247.32
audio_037.mp3,1779.32,ChaCha20,0.001522,1196884224.60,0.001454,1253009636.67
audio_037.mp3,1779.32,Camellia,0.012925,140972251.87,0.011249,161967356.34
audio_038.mp3,1828.30,AES,0.002908,643909068.57,0.002796,669549035.74
audio_038.mp3,1828.30,3DES,0.406019,4611047.58,0.400711,4672132.09
audio_038.mp3,1828.30,ChaCha20,0.001465,1278071466.67,0.001482,1263470811.13
audio_038.mp3,1828.30,Camellia,0.012239,152965249.66,0.011905,157253851.83
audio_039.mp3,1877.28,AES,0.005973,321844020.77,0.003125,615061134.21
audio_039.mp3,1877.28,3DES,0.422318,4551857.06,0.413852,4644967.29
audio_039.mp3,1877.28,ChaCha20,0.001551,1239673494.51,0.001512,1271740758.41
audio_039.mp3,1877.28,Camellia,0.012458,154303798.98,0.011598,165741698.53
audio_040.mp3,1925.64,AES,0.002810,701728482.68,0.002628,750301360.50
audio_040.mp3,1925.64,3DES,0.432376,4560512.71,0.412980,4774710.39
audio_040.mp3,1925.64,ChaCha20,0.001581,1246882541.36,0.001554,1269076553.14
audio_040.mp3,1925.64,Camellia,0.012688,155415136.37,0.011668,168994113.14
audio_041.mp3,1974.62,AES,0.004406,458900341.65,0.003029,667632623.31
audio_041.mp3,1974.62,3DES,0.423788,4771280.75,0.434478,4653895.05
audio_041.mp3,1974.62,ChaCha20,0.001664,1215033984.81,0.001617,1250691227.54
audio_041.mp3,1974.62,Camellia,0.013694,147658911.03,0.012866,157162077.98
audio_042.mp3,2022.99,AES,0.003107,666820621.83,0.002744,754945929.49
audio_042.mp3,2022.99,3DES,0.458375,4519315.20,0.460438,4499070.64
audio_042.mp3,2022.99,ChaCha20,0.002128,973411685.24,0.001730,1197116657.82
audio_042.mp3,2022.99,Camellia,0.014209,145795330.19,0.014294,144919901.63
audio_043.mp3,2071.97,AES,0.003019,702759063.38,0.002439,869811164.07
audio_043.mp3,2071.97,3DES,0.456413,4648629.09,0.447073,4745743.58
audio_043.mp3,2071.97,ChaCha20,0.001673,1268572775.42,0.001594,1331394078.33
audio_043.mp3,2071.97,Camellia,0.013216,160536828.60,0.012303,172448609.01
audio_044.mp3,2120.34,AES,0.002958,734003200.00,0.003038,714761612.31
audio_044.mp3,2120.34,3DES,0.452553,4797730.05,0.453836,4784162.50
audio_044.mp3,2120.34,ChaCha20,0.002487,873133049.13,0.001724,1259233642.48
audio_044.mp3,2120.34,Camellia,0.014976,144977755.35,0.014876,145955984.59
audio_045.mp3,2169.32,AES,0.010283,216024646.87,0.002867,774814388.32
audio_045.mp3,2169.32,3DES,0.460819,4820506.79,0.464511,4782188.70
audio_045.mp3,2169.32,ChaCha20,0.002541,874274469.32,0.002639,841733039.98
audio_045.mp3,2169.32,Camellia,0.015689,141587159.33,0.015657,141873903.94
audio_046.mp3,2218.30,AES,0.003541,641453466.41,0.003110,730413089.29
audio_046.mp3,2218.30,3DES,0.479464,4737654.43,0.466806,4866117.82
audio_046.mp3,2218.30,ChaCha20,0.001900,1195571381.18,0.001760,1290640522.44
audio_046.mp3,2218.30,Camellia,0.014511,156535091.38,0.013581,167254903.74
audio_047.mp3,2266.66,AES,0.004000,580273220.79,0.004266,544050733.49
audio_047.mp3,2266.66,3DES,0.477618,4859664.21,0.481644,4819041.16
audio_047.mp3,2266.66,ChaCha20,0.001847,1256484747.70,0.001833,1266455551.60
audio_047.mp3,2266.66,Camellia,0.014979,154953186.13,0.013437,172739341.80
audio_048.mp3,2315.64,AES,0.003240,731886757.10,0.003153,751974076.99
audio_048.mp3,2315.64,3DES,0.504269,4702286.72,0.489717,4842021.57
audio_048.mp3,2315.64,ChaCha20,0.001773,1337494505.42,0.001799,1317997500.96
audio_048.mp3,2315.64,Camellia,0.014819,160010443.76,0.013609,174236771.29
audio_049.mp3,2364.01,AES,0.003715,651690926.24,0.003875,624629014.51
audio_049.mp3,2364.01,3DES,0.520872,4647486.25,0.506426,4780060.03
audio_049.mp3,2364.01,ChaCha20,0.001892,1279564540.74,0.001880,1287678456.66
audio_049.mp3,2364.01,Camellia,0.015524,155934216.37,0.014225,170181097.36
audio_050.mp3,2412.99,AES,0.003576,690913996.53,0.003418,722965465.50
audio_050.mp3,2412.99,3DES,0.524730,4708897.97,0.509687,4847879.69
audio_050.mp3,2412.99,ChaCha20,0.002025,1220264917.92,0.001944,1270841195.33
audio_050.mp3,2412.99,Camellia,0.016011,154325217.00,0.015261,161912728.84
audio_051.mp3,2461.36,AES,0.003721,677439630.66,0.003712,678918851.48
audio_051.mp3,2461.36,3DES,0.547146,4606501.05,0.535958,4702663.04
audio_051.mp3,2461.36,ChaCha20,0.002292,1099474304.36,0.002604,967992439.92
audio_051.mp3,2461.36,Camellia,0.017579,143376626.65,0.015838,159136616.53
audio_052.mp3,2510.34,AES,0.003524,729388103.63,0.003309,776899765.66
audio_052.mp3,2510.34,3DES,0.543776,4727286.30,0.545035,4716363.70
audio_052.mp3,2510.34,ChaCha20,0.002078,1237298020.18,0.001974,1302308847.43
audio_052.mp3,2510.34,Camellia,0.015976,160898596.45,0.014642,175556703.54
audio_053.mp3,2558.70,AES,0.007836,334364269.22,0.003405,769576361.09
audio_053.mp3,2558.70,3DES,0.545315,4804773.68,0.553765,4731456.45
audio_053.mp3,2558.70,ChaCha20,0.002006,1306413508.84,0.001962,1335628395.28
audio_053.mp3,2558.70,Camellia,0.016485,158939450.65,0.015395,170188011.03
audio_054.mp3,2607.68,AES,0.006794,393020870.74,0.005149,518562633.27
audio_054.mp3,2607.68,3DES,0.567795,4702871.10,0.550995,4846266.51
audio_054.mp3,2607.68,ChaCha20,0.001960,1362685941.53,0.001949,1369852709.57
audio_054.mp3,2607.68,Camellia,0.018527,144126365.72,0.018904,141250781.97
audio_055.mp3,2656.66,AES,0.010460,260075241.51,0.004553,597553342.27
audio_055.mp3,2656.66,3DES,0.584628,4653255.78,0.564406,4819971.96
audio_055.mp3,2656.66,ChaCha20,0.002381,1142398985.84,0.003198,850561391.77
audio_055.mp3,2656.66,Camellia,0.017875,152191870.01,0.016375,166132044.36
audio_056.mp3,2705.03,AES,0.004205,658655057.49,0.003553,779575693.42
audio_056.mp3,2705.03,3DES,0.591304,4684481.98,0.590694,4689318.58
audio_056.mp3,2705.03,ChaCha20,0.002596,1066851841.97,0.002224,1245499202.31
audio_056.mp3,2705.03,Camellia,0.019207,144213906.97,0.017459,158655385.36
audio_057.mp3,2754.01,AES,0.003998,705329867.40,0.003723,757549755.11
audio_057.mp3,2754.01,3DES,0.590391,4776673.83,0.615610,4580995.32
audio_057.mp3,2754.01,ChaCha20,0.002598,1085471402.79,0.002121,1329479810.75
audio_057.mp3,2754.01,Camellia,0.017604,160193692.63,0.016850,167370130.69
audio_058.mp3,2802.38,AES,0.006833,419991533.42,0.004600,623794628.91
audio_058.mp3,2802.38,3DES,0.603162,4757648.24,0.618732,4637923.85
audio_058.mp3,2802.38,ChaCha20,0.002429,1181517361.81,0.002283,1256773244.73
audio_058.mp3,2802.38,Camellia,0.019014,150919316.94,0.016929,169510842.40
audio_059.mp3,2851.36,AES,0.004070,717469253.14,0.004240,688584913.23
audio_059.mp3,2851.36,3DES,0.628315,4647011.32,0.613096,4762372.09
audio_059.mp3,2851.36,ChaCha20,0.002349,1243171523.89,0.002182,1338120922.41
audio_059.mp3,2851.36,Camellia,0.018377,158882220.60,0.018035,161894146.10
audio_060.mp3,2899.72,AES,0.004520,656902914.96,0.003924,756681594.55
audio_060.mp3,2899.72,3DES,0.627309,4733419.21,0.629128,4719737.83
audio_060.mp3,2899.72,ChaCha20,0.002420,1226896105.28,0.002290,1296369560.18
audio_060.mp3,2899.72,Camellia,0.019721,150567882.06,0.019267,154115434.34
audio_061.mp3,2948.70,AES,0.005537,545299792.54,0.005984,504625560.10
audio_061.mp3,2948.70,3DES,0.645664,4676535.91,0.638774,4726978.76
audio_061.mp3,2948.70,ChaCha20,0.002269,1331012893.51,0.002156,1400175531.43
audio_061.mp3,2948.70,Camellia,0.019198,157283040.22,0.017978,167956443.71
audio_062.mp3,2997.68,AES,0.004837,634671842.60,0.004029,761831538.40
audio_062.mp3,2997.68,3DES,0.646163,4750547.56,0.646616,4747217.75
audio_062.mp3,2997.68,ChaCha20,0.002741,1119755870.49,0.002534,1211532229.13
audio_062.mp3,2997.68,Camellia,0.020827,147389935.08,0.019512,157318585.03
audio_063.mp3,3046.05,AES,0.005305,587959574.29,0.004565,683204788.11
audio_063.mp3,3046.05,3DES,0.681039,4579993.91,0.648440,4810246.99
audio_063.mp3,3046.05,ChaCha20,0.002309,1351098676.80,0.002285,1365055142.68
audio_063.mp3,3046.05,Camellia,0.019722,158156292.16,0.017986,173418458.21
audio_064.mp3,3095.03,AES,0.005214,607876980.27,0.004852,653189219.43
audio_064.mp3,3095.03,3DES,0.669811,4731651.29,0.666667,4753962.53
audio_064.mp3,3095.03,ChaCha20,0.002590,1223474809.44,0.004340,730227082.21
audio_064.mp3,3095.03,Camellia,0.020432,155113289.59,0.018465,171638438.75
audio_065.mp3,3143.40,AES,0.007498,429277878.95,0.004222,762454921.39
audio_065.mp3,3143.40,3DES,0.675590,4764488.95,0.675511,4765045.56
audio_065.mp3,3143.40,ChaCha20,0.002783,1156483578.30,0.002834,1135951980.91
audio_065.mp3,3143.40,Camellia,0.021407,150366307.59,0.019486,165185661.41
audio_066.mp3,3192.38,AES,0.005635,580120778.94,0.004416,740303148.33
audio_066.mp3,3192.38,3DES,0.694950,4703927.81,0.693873,4711228.62
audio_066.mp3,3192.38,ChaCha20,0.003118,1048493890.81,0.002389,1368515281.98
audio_066.mp3,3192.38,Camellia,0.021470,152261572.57,0.022048,148263961.27
audio_067.mp3,3240.75,AES,0.009097,364779576.30,0.005273,629301668.01
audio_067.mp3,3240.75,3DES,0.701747,4728947.05,0.721048,4602358.46
audio_067.mp3,3240.75,ChaCha20,0.002605,1274040667.55,0.002517,1318326794.18
audio_067.mp3,3240.75,Camellia,0.021971,151039502.28,0.020778,159715590.64
audio_068.mp3,3289.72,AES,0.005721,588841825.80,0.004073,827046336.34
audio_068.mp3,3289.72,3DES,0.709711,4746551.64,0.718223,4690294.73
audio_068.mp3,3289.72,ChaCha20,0.003181,1058847392.84,0.003310,1017591617.58
audio_068.mp3,3289.72,Camellia,0.023000,146462730.49,0.020977,160585315.96
audio_069.mp3,3338.09,AES,0.005297,645258341.90,0.004353,785244555.74
audio_069.mp3,3338.09,3DES,0.757590,4511946.77,0.749245,4562201.05
audio_069.mp3,3338.09,ChaCha20,0.002923,1169412324.52,0.002808,1217475806.61
audio_069.mp3,3338.09,Camellia,0.023360,146325730.75,0.021384,159845195.26
audio_070.mp3,3387.07,AES,0.006403,541659917.93,0.005044,687590887.92
audio_070.mp3,3387.07,3DES,0.750152,4623545.08,0.734933,4719290.87
audio_070.mp3,3387.07,ChaCha20,0.002854,1215419869.31,0.002991,1159706665.80
audio_070.mp3,3387.07,Camellia,0.022619,153338326.95,0.020685,167677452.40
audio_071.mp3,3436.05,AES,0.008687,405031445.08,0.004300,818237177.47
audio_071.mp3,3436.05,3DES,0.739285,4759353.03,0.738742,4762850.54
audio_071.mp3,3436.05,ChaCha20,0.002692,1306918679.85,0.002605,1350697943.70
audio_071.mp3,3436.05,Camellia,0.022278,157937989.44,0.020900,168346117.89
audio_072.mp3,3484.42,AES,0.005458,653770530.84,0.005276,676282761.14
audio_072.mp3,3484.42,3DES,0.750786,4752411.05,0.756306,4717722.81
audio_072.mp3,3484.42,ChaCha20,0.002770,1288238032.31,0.002875,1241123007.25
audio_072.mp3,3484.42,Camellia,0.023605,151157113.93,0.021426,166525289.27
audio_073.mp3,3533.40,AES,0.006202,583438796.61,0.004799,754003405.30
audio_073.mp3,3533.40,3DES,0.769286,4703320.05,0.756274,4784240.62
audio_073.mp3,3533.40,ChaCha20,0.002898,1248422716.23,0.002798,1292990247.81
audio_073.mp3,3533.40,Camellia,0.023919,151269664.37,0.022300,162252774.86
audio_074.mp3,3581.76,AES,0.007785,471122470.43,0.004371,839027108.10
audio_074.mp3,3581.76,3DES,0.767191,4780719.59,0.763128,4806176.61
audio_074.mp3,3581.76,ChaCha20,0.002731,1343190607.44,0.002704,1356335921.97
audio_074.mp3,3581.76,Camellia,0.022841,160576627.07,0.020952,175053903.97
audio_075.mp3,3630.75,AES,0.005547,670245488.63,0.004719,787850833.04
audio_075.mp3,3630.75,3DES,0.784091,4741648.80,0.764318,4864315.92
audio_075.mp3,3630.75,ChaCha20,0.002721,1366450362.64,0.002859,1300469647.10
audio_075.mp3,3630.75,Camellia,0.023207,160205590.25,0.021251,174953232.72
audio_076.mp3,3679.11,AES,0.007989,471564863.98,0.005331,706725123.08
audio_076.mp3,3679.11,3DES,0.788724,4776591.56,0.776394,4852449.52
audio_076.mp3,3679.11,ChaCha20,0.002973,1267072971.45,0.002956,1274533555.97
audio_076.mp3,3679.11,Camellia,0.023544,160015260.88,0.021582,174565477.54
audio_077.mp3,3728.09,AES,0.008491,449624630.58,0.004970,768110541.31
audio_077.mp3,3728.09,3DES,0.793413,4811572.37,0.783257,4873964.90
audio_077.mp3,3728.09,ChaCha20,0.003170,1204364975.11,0.004402,867155826.92
audio_077.mp3,3728.09,Camellia,0.025099,152098641.11,0.023492,162505910.20
audio_078.mp3,3777.07,AES,0.008603,449573153.23,0.004915,786960204.77
audio_078.mp3,3777.07,3DES,0.811452,4766419.07,0.800547,4831349.95
audio_078.mp3,3777.07,ChaCha20,0.003387,1141859482.03,0.003111,1243286148.16
audio_078.mp3,3777.07,Camellia,0.024322,159021287.87,0.022240,173908916.73
audio_079.mp3,3825.44,AES,0.006599,593574174.48,0.005321,736216030.37
audio_079.mp3,3825.44,3DES,0.815802,4801713.39,0.808100,4847483.46
audio_079.mp3,3825.44,ChaCha20,0.002964,1321493859.06,0.003506,1117392080.37
audio_079.mp3,3825.44,Camellia,0.024391,160599512.73,0.024030,163015142.03
audio_080.mp3,3874.42,AES,0.007043,563301799.76,0.004939,803345489.37
audio_080.mp3,3874.42,3DES,0.833398,4760514.79,0.816405,4859602.43
audio_080.mp3,3874.42,ChaCha20,0.003401,1166444586.21,0.003567,1112184097.50
audio_080.mp3,3874.42,Camellia,0.026407,150237885.78,0.024705,160593119.67
audio_081.mp3,3922.79,AES,0.009380,428261456.38,0.005034,797889465.59
audio_081.mp3,3922.79,3DES,0.828977,4845647.49,0.829440,4842945.35
audio_081.mp3,3922.79,ChaCha20,0.002915,1378065921.42,0.003097,1296915861.39
audio_081.mp3,3922.79,Camellia,0.025012,160597025.60,0.022966,174904845.48
audio_082.mp3,3971.76,AES,0.011332,358909282.17,0.005581,728688563.54
audio_082.mp3,3971.76,3DES,0.843730,4820364.31,0.839948,4842071.71
audio_082.mp3,3971.76,ChaCha20,0.003193,1273600065.14,0.003050,1333432288.94
audio_082.mp3,3971.76,Camellia,0.025142,161766484.02,0.024252,167703175.14
audio_083.mp3,4020.13,AES,0.009099,452401062.60,0.005134,801780309.04
audio_083.mp3,4020.13,3DES,0.867854,4743441.07,0.900246,4572765.95
audio_083.mp3,4020.13,ChaCha20,0.003432,1199467798.21,0.003252,1265767828.99
audio_083.mp3,4020.13,Camellia,0.026923,152905004.83,0.023859,172537437.22
audio_084.mp3,4069.11,AES,0.007331,568385074.55,0.005269,790836882.77
audio_084.mp3,4069.11,3DES,0.876071,4756199.95,0.860610,4841645.64
audio_084.mp3,4069.11,ChaCha20,0.003057,1363024822.37,0.003016,1381448444.58
audio_084.mp3,4069.11,Camellia,0.025939,160638855.39,0.024459,170359833.82
audio_085.mp3,4117.48,AES,0.005923,711905308.20,0.006046,697363451.28
audio_085.mp3,4117.48,3DES,0.887489,4750816.61,0.876919,4808081.14
audio_085.mp3,4117.48,ChaCha20,0.003309,1274186883.85,0.003335,1264438707.34
audio_085.mp3,4117.48,Camellia,0.029812,141430260.40,0.027216,154920104.43
audio_086.mp3,4166.46,AES,0.007106,600375933.64,0.005884,725073139.30
audio_086.mp3,4166.46,3DES,0.904745,4715640.76,0.915129,4662135.46
audio_086.mp3,4166.46,ChaCha20,0.003398,1255511476.74,0.003343,1276285933.81
audio_086.mp3,4166.46,Camellia,0.027742,153789608.69,0.025905,164698349.57
audio_087.mp3,4215.44,AES,0.006751,639397174.57,0.006417,672654569.59
audio_087.mp3,4215.44,3DES,0.916595,4709393.83,0.890168,4849207.38
audio_087.mp3,4215.44,ChaCha20,0.003178,1358431152.10,0.003221,1340031855.17
audio_087.mp3,4215.44,Camellia,0.027386,157619925.78,0.025365,170180569.19
audio_088.mp3,4263.81,AES,0.010048,434511125.22,0.005160,846174377.77
audio_088.mp3,4263.81,3DES,0.906874,4814492.90,0.910696,4794287.01
audio_088.mp3,4263.81,ChaCha20,0.003322,1314260505.50,0.003236,1349215787.49
audio_088.mp3,4263.81,Camellia,0.027675,157765154.89,0.025126,173773114.36
audio_089.mp3,4312.79,AES,0.010268,430113574.53,0.005364,823293088.62
audio_089.mp3,4312.79,3DES,0.923167,4783849.56,0.909395,4856294.33
audio_089.mp3,4312.79,ChaCha20,0.005291,834607155.12,0.003688,1197599482.82
audio_089.mp3,4312.79,Camellia,0.028612,154350303.32,0.026239,168310749.28
audio_090.mp3,4361.15,AES,0.010906,409465753.28,0.005632,792981282.91
audio_090.mp3,4361.15,3DES,0.933971,4781539.32,0.945026,4725608.08
audio_090.mp3,4361.15,ChaCha20,0.004291,1040727352.13,0.003682,1212991250.07
audio_090.mp3,4361.15,Camellia,0.030234,147709257.03,0.026834,166420951.06
audio_091.mp3,4410.13,AES,0.008548,528336063.17,0.005466,826160256.50
audio_091.mp3,4410.13,3DES,0.951814,4744599.58,0.935707,4826271.00
audio_091.mp3,4410.13,ChaCha20,0.003529,1279563345.32,0.003462,1304412657.58
audio_091.mp3,4410.13,Camellia,0.028895,156287139.85,0.027457,164475922.62
audio_092.mp3,4458.50,AES,0.012209,373940355.98,0.004795,952218383.35
audio_092.mp3,4458.50,3DES,0.958123,4765047.78,0.943511,4838845.50
audio_092.mp3,4458.50,ChaCha20,0.003471,1315186242.39,0.003616,1262717552.87
audio_092.mp3,4458.50,Camellia,0.029754,153443313.00,0.026524,172128393.87
audio_093.mp3,4507.48,AES,0.007742,596171496.52,0.005901,782232696.53
audio_093.mp3,4507.48,3DES,0.972340,4746959.39,0.957200,4822042.16
audio_093.mp3,4507.48,ChaCha20,0.003331,1385590968.10,0.003687,1251825218.64
audio_093.mp3,4507.48,Camellia,0.029393,157034092.62,0.026479,174310769.62
audio_094.mp3,4556.46,AES,0.008254,565308288.27,0.006070,768710909.08
audio_094.mp3,4556.46,3DES,0.998012,4675110.04,0.970683,4806731.33
audio_094.mp3,4556.46,ChaCha20,0.003562,1309895737.85,0.003489,1337468720.85
audio_094.mp3,4556.46,Camellia,0.030125,154881066.87,0.028990,160944144.64
audio_095.mp3,4604.83,AES,0.007897,597095003.83,0.006442,732014872.01
audio_095.mp3,4604.83,3DES,0.983675,4793595.14,0.970805,4857146.74
audio_095.mp3,4604.83,ChaCha20,0.004867,968824229.06,0.003879,1215585606.14
audio_095.mp3,4604.83,Camellia,0.030265,155801339.30,0.027972,168576621.51
audio_096.mp3,4653.81,AES,0.008243,578154087.96,0.006156,774126379.90
audio_096.mp3,4653.81,3DES,1.003467,4749030.58,0.999673,4767054.08
audio_096.mp3,4653.81,ChaCha20,0.003559,1338956533.30,0.003618,1316989070.90
audio_096.mp3,4653.81,Camellia,0.030659,155436909.99,0.028183,169089858.89
audio_097.mp3,4702.17,AES,0.011992,401528493.10,0.006078,792173790.60
audio_097.mp3,4702.17,3DES,1.003087,4800208.83,0.992616,4850841.60
audio_097.mp3,4702.17,ChaCha20,0.003564,1351152647.19,0.003472,1386970580.15
audio_097.mp3,4702.17,Camellia,0.030154,159679928.35,0.030543,157646956.20
audio_098.mp3,4751.15,AES,0.010268,473820979.61,0.006045,804877061.06
audio_098.mp3,4751.15,3DES,1.015304,4791848.41,1.008134,4825925.16
audio_098.mp3,4751.15,ChaCha20,0.003592,1354623481.75,0.003998,1216963748.15
audio_098.mp3,4751.15,Camellia,0.031141,156231706.62,0.028154,172806667.42
audio_099.mp3,4799.52,AES,0.008106,606269921.99,0.006458,760993193.20
audio_099.mp3,4799.52,3DES,1.029109,4775692.23,1.015740,4838551.75
audio_099.mp3,4799.52,ChaCha20,0.004525,1086079221.16,0.004063,1209516142.55
audio_099.mp3,4799.52,Camellia,0.030675,160216564.47,0.028081,175017902.87
audio_100.mp3,4848.50,AES,0.006308,787094112.51,0.005380,922892613.66
audio_100.mp3,4848.50,3DES,1.038513,4780743.49,1.041742,4765926.55
audio_100.mp3,4848.50,ChaCha20,0.003570,1390687119.99,0.003579,1387166862.15
audio_100.mp3,4848.50,Camellia,0.030976,160279462.88,0.028096,176707954.81
img_001.jpg,14.53,AES,0.000742,20050983.49,0.000494,30144280.49
img_001.jpg,14.53,3DES,0.004969,2993746.61,0.004472,3326863.97
img_001.jpg,14.53,ChaCha20,0.000042,352534805.69,0.000017,891409437.26
img_001.jpg,14.53,Camellia,0.000104,143116194.06,0.000087,170955234.54
img_002.jpg,17.71,AES,0.000131,138534270.37,0.000033,547160535.48
img_002.jpg,17.71,3DES,0.004642,3906282.20,0.003630,4995094.87
img_002.jpg,17.71,ChaCha20,0.000026,704215874.37,0.000015,1246808433.31
img_002.jpg,17.71,Camellia,0.000123,147967537.81,0.000100,181950513.00
img_003.jpg,26.08,AES,0.000065,410242876.95,0.000020,1365808602.54
img_003.jpg,26.08,3DES,0.005619,4752452.92,0.005416,4929848.82
img_003.jpg,26.08,ChaCha20,0.000043,615364315.43,0.000020,1349353077.20
img_003.jpg,26.08,Camellia,0.000191,139646266.09,0.000144,185731849.76
img_004.jpg,34.67,AES,0.000120,294855418.42,0.000035,1012938682.34
img_004.jpg,34.67,3DES,0.008122,4371113.64,0.007379,4811360.55
img_004.jpg,34.67,ChaCha20,0.000057,628278423.22,0.000031,1145399894.65
img_004.jpg,34.67,Camellia,0.000294,120862001.87,0.000211,168631921.07
img_005.jpg,45.20,AES,0.000244,189760480.97,0.000078,591844426.93
img_005.jpg,45.20,3DES,0.009697,4772704.23,0.009691,4775639.55
img_005.jpg,45.20,ChaCha20,0.000082,562681078.35,0.000036,1268790666.88
img_005.jpg,45.20,Camellia,0.000288,160566560.82,0.000244,189946156.59
img_006.jpg,56.35,AES,0.000158,364462277.40,0.000039,1475627757.27
img_006.jpg,56.35,3DES,0.012045,4790145.73,0.012006,4805936.89
img_006.jpg,56.35,ChaCha20,0.000094,614220690.84,0.000043,1329686550.51
img_006.jpg,56.35,Camellia,0.000341,169114571.76,0.000328,176002147.05
img_007.jpg,65.05,AES,0.000209,318580584.21,0.000051,1317901756.38
img_007.jpg,65.05,3DES,0.014067,4735431.13,0.013771,4837257.78
img_007.jpg,65.05,ChaCha20,0.000106,630688876.64,0.000050,1330453201.68
img_007.jpg,65.05,Camellia,0.000406,164253481.69,0.000348,191366556.41
img_008.jpg,72.23,AES,0.000187,396214418.47,0.000097,760382082.51
img_008.jpg,72.23,3DES,0.018027,4103160.86,0.015269,4844105.45
img_008.jpg,72.23,ChaCha20,0.000112,658674924.98,0.000068,1080961288.03
img_008.jpg,72.23,Camellia,0.000434,170552990.47,0.000388,190679710.92
img_009.jpg,85.10,AES,0.000184,474653586.95,0.000078,1117685816.37
img_009.jpg,85.10,3DES,0.019452,4479675.22,0.018227,4780808.68
img_009.jpg,85.10,ChaCha20,0.000148,587593668.73,0.000082,1065548868.66
img_009.jpg,85.10,Camellia,0.000534,163162170.51,0.000471,184961164.96
img_010.jpg,93.04,AES,0.000255,374141342.20,0.000064,1496565368.81
img_010.jpg,93.04,3DES,0.020492,4648962.24,0.019650,4848307.43
img_010.jpg,93.04,ChaCha20,0.000140,678409089.09,0.000045,2125441241.87
img_010.jpg,93.04,Camellia,0.000596,159897140.24,0.000494,192848915.77
img_011.jpg,102.24,AES,0.000209,501286360.26,0.000092,1137634330.53
img_011.jpg,102.24,3DES,0.025583,4092362.37,0.024531,4267842.51
img_011.jpg,102.24,ChaCha20,0.000224,467156225.09,0.000136,767704285.99
img_011.jpg,102.24,Camellia,0.000706,148303563.52,0.000632,165770800.90
img_012.jpg,112.34,AES,0.000229,502081320.76,0.000131,878870945.81
img_012.jpg,112.34,3DES,0.026384,4360046.17,0.026080,4410986.32
img_012.jpg,112.34,ChaCha20,0.000196,586983149.94,0.000141,813659610.87
img_012.jpg,112.34,Camellia,0.000731,157319905.20,0.000657,175009121.96
img_013.jpg,123.52,AES,0.000253,500499173.92,0.000076,1673593452.21
img_013.jpg,123.52,3DES,0.028784,4394452.98,0.028393,4454933.53
img_013.jpg,123.52,ChaCha20,0.000226,559040173.18,0.000146,864053948.46
img_013.jpg,123.52,Camellia,0.000832,151970531.18,0.000811,156037977.75
img_014.jpg,136.63,AES,0.000229,611271748.27,0.000059,2356710354.76
img_014.jpg,136.63,3DES,0.031003,4512826.48,0.029923,4675602.78
img_014.jpg,136.63,ChaCha20,0.000174,804966911.30,0.000122,1143900347.63
img_014.jpg,136.63,Camellia,0.000852,164145700.23,0.000783,178582129.74
img_015.jpg,143.26,AES,0.000223,657385454.50,0.000203,721351448.31
img_015.jpg,143.26,3DES,0.032231,4551567.72,0.031540,4651347.34
img_015.jpg,143.26,ChaCha20,0.000207,708069948.69,0.000075,1965855544.43
img_015.jpg,143.26,Camellia,0.000903,162523186.85,0.000789,186007492.57
img_016.jpg,156.11,AES,0.000268,595445894.59,0.000267,599706688.11
img_016.jpg,156.11,3DES,0.036661,4360340.24,0.033902,4715126.14
img_016.jpg,156.11,ChaCha20,0.000222,720163348.35,0.000105,1527271246.72
img_016.jpg,156.11,Camellia,0.000969,164978365.48,0.000865,184703051.60
img_017.jpg,166.83,AES,0.000428,399396402.80,0.000451,379109601.39
img_017.jpg,166.83,3DES,0.038251,4466006.47,0.036615,4665614.93
img_017.jpg,166.83,ChaCha20,0.000283,603637023.27,0.000082,2095079376.09
img_017.jpg,166.83,Camellia,0.001115,153265699.81,0.000929,183958189.12
img_018.jpg,177.03,AES,0.000361,501874082.39,0.000367,494047585.98
img_018.jpg,177.03,3DES,0.041015,4419857.43,0.039182,4626623.07
img_018.jpg,177.03,ChaCha20,0.000279,649862593.86,0.000118,1536038858.21
img_018.jpg,177.03,Camellia,0.001210,149791023.41,0.001086,166997415.95
img_019.jpg,187.07,AES,0.000268,716078344.67,0.000241,796273441.74
img_019.jpg,187.07,3DES,0.041792,4583515.81,0.041723,4591085.16
img_019.jpg,187.07,ChaCha20,0.000232,824886963.78,0.000118,1623110914.59
img_019.jpg,187.07,Camellia,0.001289,148565070.77,0.001317,145418986.92
img_020.jpg,194.61,AES,0.000479,415634461.02,0.000392,507801276.50
img_020.jpg,194.61,3DES,0.043293,4603104.39,0.042764,4660000.01
img_020.jpg,194.61,ChaCha20,0.000500,398209100.10,0.000146,1361304399.22
img_020.jpg,194.61,Camellia,0.001221,163218297.43,0.001181,168754472.26
img_021.jpg,194.61,AES,0.000534,373309915.64,0.000396,502610283.30
img_021.jpg,194.61,3DES,0.042269,4714593.77,0.042951,4639694.15
img_021.jpg,194.61,ChaCha20,0.000334,596177532.90,0.000139,1428787865.16
img_021.jpg,194.61,Camellia,0.001373,145111267.56,0.001317,151310807.59
img_022.jpg,214.63,AES,0.000417,527373740.81,0.000344,638842203.01
img_022.jpg,214.63,3DES,0.050072,4389424.13,0.047662,4611390.79
img_022.jpg,214.63,ChaCha20,0.000343,641509602.61,0.000289,759974689.98
img_022.jpg,214.63,Camellia,0.001430,153718409.03,0.001186,185370862.45
img_023.jpg,223.37,AES,0.000610,374746316.80,0.000580,394469807.16
img_023.jpg,223.37,3DES,0.054055,4231358.70,0.050037,4571165.82
img_023.jpg,223.37,ChaCha20,0.000291,786998007.39,0.000146,1562460213.37
img_023.jpg,223.37,Camellia,0.001375,166351754.99,0.001229,186100983.71
img_024.jpg,233.78,AES,0.000433,552904424.32,0.000446,536364548.38
img_024.jpg,233.78,3DES,0.051278,4668485.11,0.052667,4545338.81
img_024.jpg,233.78,ChaCha20,0.000340,704119519.33,0.000242,991188977.85
img_024.jpg,233.78,Camellia,0.001884,127033708.83,0.001925,124374388.03
img_025.jpg,260.88,AES,0.000596,448370929.76,0.000496,538950915.57
img_025.jpg,260.88,3DES,0.059018,4526492.71,0.057489,4646880.06
img_025.jpg,260.88,ChaCha20,0.000430,620763963.14,0.000362,738128427.85
img_025.jpg,260.88,Camellia,0.001747,152882924.47,0.001446,184714631.30
img_026.jpg,257.04,AES,0.000422,624062169.94,0.000553,476257971.80
img_026.jpg,257.04,3DES,0.056237,4680340.60,0.055298,4759787.09
img_026.jpg,257.04,ChaCha20,0.000267,987447208.07,0.000109,2410406066.86
img_026.jpg,257.04,Camellia,0.001513,173962492.69,0.001354,194360207.50
img_027.jpg,267.60,AES,0.000494,554692655.44,0.000581,471420501.26
img_027.jpg,267.60,3DES,0.059718,4588574.44,0.060482,4530620.12
img_027.jpg,267.60,ChaCha20,0.000313,874675176.62,0.000332,824478609.81
img_027.jpg,267.60,Camellia,0.001870,146541270.19,0.001717,159628219.73
img_028.jpg,274.17,AES,0.000678,414051839.28,0.000577,486596459.05
img_028.jpg,274.17,3DES,0.060567,4635401.26,0.060787,4618656.53
img_028.jpg,274.17,ChaCha20,0.000436,644181307.94,0.000333,842922999.94
img_028.jpg,274.17,Camellia,0.001915,146572495.76,0.001693,165877367.36
img_029.jpg,286.94,AES,0.000471,623688335.03,0.000449,653797427.06
img_029.jpg,286.94,3DES,0.061230,4798760.80,0.062744,4682953.35
img_029.jpg,286.94,ChaCha20,0.000329,894345537.02,0.000188,1560010316.48
img_029.jpg,286.94,Camellia,0.001796,163579526.15,0.001683,174611525.93
img_030.jpg,295.25,AES,0.000618,489236758.12,0.000666,454191145.08
img_030.jpg,295.25,3DES,0.066585,4540642.93,0.064852,4661967.12
img_030.jpg,295.25,ChaCha20,0.000682,443392194.77,0.000751,402827724.60
img_030.jpg,295.25,Camellia,0.002711,111520682.18,0.002524,119790447.48
img_031.jpg,302.25,AES,0.001117,277029035.32,0.000824,375624438.52
img_031.jpg,302.25,3DES,0.069693,4440956.02,0.063954,4839503.36
img_031.jpg,302.25,ChaCha20,0.000420,736334690.60,0.000362,854051354.95
img_031.jpg,302.25,Camellia,0.002029,152509170.53,0.001817,170339595.79
img_032.jpg,313.63,AES,0.000688,466903815.19,0.000748,429533643.76
img_032.jpg,313.63,3DES,0.067048,4789923.54,0.067821,4735299.52
img_032.jpg,313.63,ChaCha20,0.000453,708956582.53,0.000407,789576498.72
img_032.jpg,313.63,Camellia,0.002084,154085736.31,0.001898,169180797.14
img_033.jpg,352.21,AES,0.000785,459243181.78,0.000715,504417152.64
img_033.jpg,352.21,3DES,0.077929,4628161.68,0.076073,4741053.93
img_033.jpg,352.21,ChaCha20,0.000460,783400849.70,0.000410,878993051.00
img_033.jpg,352.21,Camellia,0.002516,143361167.62,0.002534,142336003.08
img_034.jpg,323.57,AES,0.000730,454002920.16,0.000599,553446012.99
img_034.jpg,323.57,3DES,0.069420,4772872.40,0.069865,4742414.57
img_034.jpg,323.57,ChaCha20,0.000441,752003754.67,0.000319,1038641957.12
img_034.jpg,323.57,Camellia,0.002113,156780566.18,0.001958,169228316.93
img_035.jpg,341.06,AES,0.000639,546371847.54,0.000490,712462511.32
img_035.jpg,341.06,3DES,0.073850,4729064.25,0.073105,4777261.15
img_035.jpg,341.06,ChaCha20,0.000487,716645265.78,0.000408,855121379.61
img_035.jpg,341.06,Camellia,0.002315,150841615.00,0.002088,167236319.59
img_036.jpg,356.99,AES,0.000712,513480573.69,0.000609,600333983.17
img_036.jpg,356.99,3DES,0.079899,4575222.06,0.076913,4752872.78
img_036.jpg,356.99,ChaCha20,0.000470,778301011.69,0.000429,851334254.87
img_036.jpg,356.99,Camellia,0.002314,157953331.93,0.002387,153141529.47
img_037.jpg,362.62,AES,0.000745,498228571.88,0.000692,536316293.29
img_037.jpg,362.62,3DES,0.079941,4645037.57,0.082197,4517513.63
img_037.jpg,362.62,ChaCha20,0.000515,721715716.27,0.000399,929828367.59
img_037.jpg,362.62,Camellia,0.002418,153565619.77,0.002393,155203040.93
img_038.jpg,377.53,AES,0.001878,205823303.30,0.001290,299607535.73
img_038.jpg,377.53,3DES,0.084529,4573451.26,0.081162,4763205.08
img_038.jpg,377.53,ChaCha20,0.000559,692051209.29,0.000459,842325186.16
img_038.jpg,377.53,Camellia,0.002464,156876546.38,0.002321,166595703.62
img_039.jpg,383.77,AES,0.000757,518977768.14,0.000613,640852796.12
img_039.jpg,383.77,3DES,0.083590,4701266.37,0.082202,4780652.57
img_039.jpg,383.77,ChaCha20,0.000559,702588828.48,0.000494,795882854.47
img_039.jpg,383.77,Camellia,0.002546,154376078.64,0.002318,169558007.57
img_040.jpg,443.04,AES,0.000886,511934155.45,0.000680,666967842.91
img_040.jpg,443.04,3DES,0.098867,4588763.46,0.094832,4784010.36
img_040.jpg,443.04,ChaCha20,0.000603,752713313.22,0.000494,917482765.58
img_040.jpg,443.04,Camellia,0.002869,158136728.65,0.002921,155322770.04
img_041.jpg,407.11,AES,0.000899,463549540.99,0.000600,694403839.80
img_041.jpg,407.11,3DES,0.086053,4844427.40,0.090061,4628819.70
img_041.jpg,407.11,ChaCha20,0.000871,478781179.79,0.000582,716308426.30
img_041.jpg,407.11,Camellia,0.002903,143579312.58,0.002738,152229572.40
img_042.jpg,417.41,AES,0.001227,348312214.90,0.000890,479990085.71
img_042.jpg,417.41,3DES,0.093490,4571917.04,0.092743,4608739.95
img_042.jpg,417.41,ChaCha20,0.000551,776423980.13,0.000561,762229153.96
img_042.jpg,417.41,Camellia,0.002959,144472799.59,0.003191,133968238.69
img_043.jpg,438.70,AES,0.000896,501388975.21,0.000731,614352712.37
img_043.jpg,438.70,3DES,0.103294,4349086.01,0.093404,4809590.92
img_043.jpg,438.70,ChaCha20,0.000588,764389358.55,0.000458,980853601.68
img_043.jpg,438.70,Camellia,0.002855,157372401.97,0.002667,168444463.51
img_044.jpg,437.55,AES,0.000792,565526730.15,0.000781,573465158.46
img_044.jpg,437.55,3DES,0.095238,4704511.45,0.096242,4655434.61
img_044.jpg,437.55,ChaCha20,0.000770,581629626.83,0.000529,846506902.83
img_044.jpg,437.55,Camellia,0.003057,146564133.85,0.002775,161433323.97
img_045.jpg,444.60,AES,0.000773,589187768.99,0.000813,559659308.12
img_045.jpg,444.60,3DES,0.097500,4669495.65,0.096259,4729659.76
img_045.jpg,444.60,ChaCha20,0.000614,741575751.18,0.000576,790052775.88
img_045.jpg,444.60,Camellia,0.003020,150750577.03,0.002859,159235953.91
img_046.jpg,450.95,AES,0.000994,464463344.53,0.000877,526307648.56
img_046.jpg,450.95,3DES,0.097430,4739503.07,0.096456,4787406.06
img_046.jpg,450.95,ChaCha20,0.000655,705321247.88,0.000469,985153686.01
img_046.jpg,450.95,Camellia,0.003132,147454293.62,0.003188,144851704.94
img_047.jpg,464.82,AES,0.001227,387870034.81,0.000788,603861787.41
img_047.jpg,464.82,3DES,0.101832,4674062.95,0.103050,4618825.12
img_047.jpg,464.82,ChaCha20,0.000600,793153384.66,0.000489,972414549.04
img_047.jpg,464.82,Camellia,0.003176,149877407.60,0.003230,147355112.87
img_048.jpg,546.65,AES,0.001161,482003112.60,0.001006,556359516.94
img_048.jpg,546.65,3DES,0.121789,4596221.29,0.119072,4701080.57
img_048.jpg,546.65,ChaCha20,0.000674,830211160.35,0.000624,896805638.45
img_048.jpg,546.65,Camellia,0.003575,156585111.48,0.003401,164575715.79
img_049.jpg,485.48,AES,0.000929,535190391.33,0.000819,607016525.36
img_049.jpg,485.48,3DES,0.105251,4723238.02,0.104743,4746170.28
img_049.jpg,485.48,ChaCha20,0.000602,825782877.07,0.000647,768842833.56
img_049.jpg,485.48,Camellia,0.003449,144138100.69,0.003178,156421737.78
img_050.jpg,493.45,AES,0.000934,541204454.90,0.000729,693506755.69
img_050.jpg,493.45,3DES,0.105468,4790979.02,0.107204,4713389.30
img_050.jpg,493.45,ChaCha20,0.000659,767326808.61,0.000596,847742658.15
img_050.jpg,493.45,Camellia,0.003468,145690289.78,0.003027,166931052.72
img_051.jpg,499.74,AES,0.001002,510913351.97,0.000797,641850176.92
img_051.jpg,499.74,3DES,0.110320,4638603.96,0.111070,4607249.32
img_051.jpg,499.74,ChaCha20,0.001046,489251650.70,0.000757,676227785.64
img_051.jpg,499.74,Camellia,0.003780,135373509.40,0.003469,147515257.16
img_052.jpg,543.94,AES,0.000849,656422128.82,0.000685,813159191.26
img_052.jpg,543.94,3DES,0.120958,4604868.50,0.120661,4616205.79
img_052.jpg,543.94,ChaCha20,0.000623,893728521.99,0.000548,1017068505.22
img_052.jpg,543.94,Camellia,0.003879,143607472.12,0.003568,156111350.25
img_053.jpg,518.97,AES,0.000762,697863112.22,0.000723,734665385.77
img_053.jpg,518.97,3DES,0.115725,4592169.49,0.112407,4727702.83
img_053.jpg,518.97,ChaCha20,0.000648,819476022.21,0.000558,952960573.07
img_053.jpg,518.97,Camellia,0.003591,147986640.58,0.003172,167541700.27
img_054.jpg,532.64,AES,0.001329,410493890.81,0.001150,474131078.45
img_054.jpg,532.64,3DES,0.115108,4738403.91,0.114688,4755740.64
img_054.jpg,532.64,ChaCha20,0.000612,891883997.47,0.000537,1015393898.58
img_054.jpg,532.64,Camellia,0.003710,147004398.76,0.003362,162212469.23
img_055.jpg,543.39,AES,0.000880,631969060.53,0.000827,672776517.89
img_055.jpg,543.39,3DES,0.116260,4786152.03,0.117000,4755878.44
img_055.jpg,543.39,ChaCha20,0.000603,922110525.70,0.000548,1014722495.89
img_055.jpg,543.39,Camellia,0.003574,155673808.73,0.003694,150620312.39
img_056.jpg,628.12,AES,0.001041,617898985.95,0.001137,565683995.11
img_056.jpg,628.12,3DES,0.141340,4550663.30,0.139870,4598500.27
img_056.jpg,628.12,ChaCha20,0.000764,841730724.70,0.000621,1036001141.58
img_056.jpg,628.12,Camellia,0.004146,155149929.42,0.003993,161078754.04
img_057.jpg,621.63,AES,0.000886,718293460.89,0.000875,727888984.22
img_057.jpg,621.63,3DES,0.131627,4836051.16,0.133071,4783552.53
img_057.jpg,621.63,ChaCha20,0.000728,874802357.18,0.000656,970518645.62
img_057.jpg,621.63,Camellia,0.004122,154427485.34,0.003820,166649821.74
img_058.jpg,594.08,AES,0.003132,194241360.14,0.001924,316177757.96
img_058.jpg,594.08,3DES,0.127227,4781504.99,0.124260,4895669.70
img_058.jpg,594.08,ChaCha20,0.000733,829773823.33,0.000554,1098860683.36
img_058.jpg,594.08,Camellia,0.003898,156077471.66,0.003758,161890394.44
img_059.jpg,587.95,AES,0.000941,639784913.82,0.000993,606589251.71
img_059.jpg,587.95,3DES,0.128132,4698759.93,0.127402,4725693.55
img_059.jpg,587.95,ChaCha20,0.000742,811449567.75,0.000595,1011711159.79
img_059.jpg,587.95,Camellia,0.003905,154174922.45,0.003851,156351374.83
img_060.jpg,647.91,AES,0.001090,608916572.76,0.001002,662243869.00
img_060.jpg,647.91,3DES,0.140306,4728641.43,0.136365,4865319.60
img_060.jpg,647.91,ChaCha20,0.000748,887356102.53,0.000700,948448785.80
img_060.jpg,647.91,Camellia,0.004219,157252980.20,0.004298,154348479.53
img_061.jpg,674.23,AES,0.001841,375004562.33,0.001216,567801025.56
img_061.jpg,674.23,3DES,0.142852,4833050.82,0.141411,4882275.87
img_061.jpg,674.23,ChaCha20,0.000794,869605174.28,0.000726,950684579.89
img_061.jpg,674.23,Camellia,0.004522,152666872.12,0.004020,171724202.71
img_062.jpg,690.59,AES,0.001403,504006384.21,0.001514,467098830.09
img_062.jpg,690.59,3DES,0.146160,4838325.80,0.153151,4617454.91
img_062.jpg,690.59,ChaCha20,0.000813,869307611.69,0.000699,1011277726.24
img_062.jpg,690.59,Camellia,0.004641,152372216.74,0.004168,169684071.57
img_063.jpg,623.74,AES,0.001021,625334109.46,0.001203,530796775.30
img_063.jpg,623.74,3DES,0.135200,4724155.04,0.135210,4723821.84
img_063.jpg,623.74,ChaCha20,0.000911,701290922.76,0.000703,908420252.60
img_063.jpg,623.74,Camellia,0.004275,149410559.11,0.003854,165734429.90
img_064.jpg,635.20,AES,0.000916,710273332.72,0.000973,668666635.04
img_064.jpg,635.20,3DES,0.135034,4816904.56,0.132899,4894271.40
img_064.jpg,635.20,ChaCha20,0.000732,888072874.67,0.000681,954569583.97
img_064.jpg,635.20,Camellia,0.004128,157569589.41,0.003908,166432398.18
img_065.jpg,688.47,AES,0.001605,439172222.08,0.001336,527743453.73
img_065.jpg,688.47,3DES,0.145834,4834195.02,0.143298,4919765.89
img_065.jpg,688.47,ChaCha20,0.000877,804173666.38,0.000739,953853732.67
img_065.jpg,688.47,Camellia,0.004497,156784017.56,0.004187,168362271.32
img_066.jpg,656.24,AES,0.004369,153823575.48,0.002301,292043246.65
img_066.jpg,656.24,3DES,0.146147,4598014.59,0.140210,4792698.62
img_066.jpg,656.24,ChaCha20,0.000786,854870904.90,0.000677,992432877.97
img_066.jpg,656.24,Camellia,0.004776,140707372.25,0.004236,158655185.67
img_067.jpg,630.24,AES,0.001297,497677805.46,0.001548,417018885.21
img_067.jpg,630.24,3DES,0.139907,4612823.80,0.133787,4823841.27
img_067.jpg,630.24,ChaCha20,0.000640,1008896602.26,0.000534,1208423921.37
img_067.jpg,630.24,Camellia,0.004276,150935072.15,0.003936,163983133.45
img_068.jpg,713.60,AES,0.001356,538932294.04,0.001160,629732475.08
img_068.jpg,713.60,3DES,0.151032,4838246.11,0.152650,4786959.02
img_068.jpg,713.60,ChaCha20,0.000886,825008871.12,0.000681,1072396065.86
img_068.jpg,713.60,Camellia,0.004600,158852905.37,0.004409,165733410.28
img_069.jpg,682.44,AES,0.001095,638160659.68,0.000963,725692475.83
img_069.jpg,682.44,3DES,0.147493,4738012.46,0.147704,4731244.02
img_069.jpg,682.44,ChaCha20,0.000684,1021991600.38,0.000520,1343911925.67
img_069.jpg,682.44,Camellia,0.004585,152429762.85,0.004428,157813595.54
img_070.jpg,703.15,AES,0.001296,555558557.86,0.001068,674411862.55
img_070.jpg,703.15,3DES,0.150693,4778121.26,0.153347,4695401.21
img_070.jpg,703.15,ChaCha20,0.000759,948497588.10,0.000677,1064135419.49
img_070.jpg,703.15,Camellia,0.004586,157006307.28,0.004256,169179111.56
img_071.jpg,776.85,AES,0.004059,195990581.89,0.001827,435466414.28
img_071.jpg,776.85,3DES,0.164648,4831481.28,0.163051,4878800.95
img_071.jpg,776.85,ChaCha20,0.001066,745929726.40,0.000901,882450057.17
img_071.jpg,776.85,Camellia,0.004981,159719658.51,0.004842,164297009.36
img_072.jpg,713.68,AES,0.001342,544445988.92,0.001049,696643390.37
img_072.jpg,713.68,3DES,0.150285,4862821.52,0.153108,4773142.42
img_072.jpg,713.68,ChaCha20,0.000883,827769623.99,0.000788,927172086.40
img_072.jpg,713.68,Camellia,0.004793,152461124.98,0.004545,160794781.39
img_073.jpg,829.75,AES,0.001527,556487994.04,0.001182,718642692.85
img_073.jpg,829.75,3DES,0.179542,4732407.74,0.174032,4882222.63
img_073.jpg,829.75,ChaCha20,0.001111,764753028.72,0.000819,1037783667.40
img_073.jpg,829.75,Camellia,0.005519,153941646.39,0.005442,156133586.59
img_074.jpg,785.73,AES,0.005375,149699422.61,0.003109,258754338.59
img_074.jpg,785.73,3DES,0.165954,4848230.81,0.164804,4882058.45
img_074.jpg,785.73,ChaCha20,0.000928,867079672.11,0.000979,821488335.89
img_074.jpg,785.73,Camellia,0.005157,156003794.56,0.005054,159182739.80
img_075.jpg,822.43,AES,0.001335,630657526.40,0.001385,608075883.18
img_075.jpg,822.43,3DES,0.182465,4615507.89,0.176413,4773860.17
img_075.jpg,822.43,ChaCha20,0.001152,731176320.72,0.000903,932993345.32
img_075.jpg,822.43,Camellia,0.005994,140511269.56,0.005587,150747388.42
img_076.jpg,713.51,AES,0.001189,614621161.00,0.000998,732433343.39
img_076.jpg,713.51,3DES,0.150992,4838894.80,0.149320,4893063.35
img_076.jpg,713.51,ChaCha20,0.000747,977512315.39,0.000767,953188525.27
img_076.jpg,713.51,Camellia,0.004512,161937281.16,0.004055,180201170.69
img_077.jpg,840.50,AES,0.001618,531808458.75,0.001103,780353613.92
img_077.jpg,840.50,3DES,0.177545,4847619.80,0.176244,4883418.61
img_077.jpg,840.50,ChaCha20,0.000961,895538530.88,0.000920,935696168.48
img_077.jpg,840.50,Camellia,0.005451,157886451.10,0.005176,166271282.67
img_078.jpg,777.33,AES,0.001818,437791067.51,0.001378,577511620.97
img_078.jpg,777.33,3DES,0.169884,4685437.85,0.167014,4765969.05
img_078.jpg,777.33,ChaCha20,0.000851,935180582.87,0.000752,1058862886.40
img_078.jpg,777.33,Camellia,0.005225,152335950.03,0.004727,168386275.32
img_079.jpg,774.50,AES,0.001288,615556023.99,0.001159,684457768.24
img_079.jpg,774.50,3DES,0.165936,4779513.26,0.166495,4763443.11
img_079.jpg,774.50,ChaCha20,0.001105,717683873.50,0.000992,799630950.40
img_079.jpg,774.50,Camellia,0.005400,146863786.03,0.004998,158667529.39
img_080.jpg,778.72,AES,0.001324,602412200.21,0.001327,600789031.00
img_080.jpg,778.72,3DES,0.165900,4806574.72,0.167599,4757850.04
img_080.jpg,778.72,ChaCha20,0.001141,698828360.96,0.000869,917583686.02
img_080.jpg,778.72,Camellia,0.005251,151868162.17,0.004873,163629771.80
img_081.jpg,894.38,AES,0.002078,440773944.90,0.001747,524129476.03
img_081.jpg,894.38,3DES,0.196311,4665297.04,0.189666,4828740.22
img_081.jpg,894.38,ChaCha20,0.001054,869082563.30,0.001455,629316010.78
img_081.jpg,894.38,Camellia,0.006375,143655382.57,0.005846,156655312.99
img_082.jpg,812.55,AES,0.001746,476433424.92,0.001163,715578191.00
img_082.jpg,812.55,3DES,0.171572,4849560.73,0.170897,4868720.96
img_082.jpg,812.55,ChaCha20,0.000967,860634978.42,0.000894,930633290.00
img_082.jpg,812.55,Camellia,0.005301,156947060.51,0.005165,161105846.07
img_083.jpg,772.95,AES,0.001462,541213596.17,0.001188,666359734.83
img_083.jpg,772.95,3DES,0.165686,4777136.60,0.166600,4750932.28
img_083.jpg,772.95,ChaCha20,0.000986,803048911.20,0.000907,872484677.77
img_083.jpg,772.95,Camellia,0.005242,151003147.55,0.004774,165782981.22
img_084.jpg,786.48,AES,0.001402,574278798.41,0.001472,547295510.73
img_084.jpg,786.48,3DES,0.170994,4709861.41,0.164852,4885323.23
img_084.jpg,786.48,ChaCha20,0.000936,860613475.73,0.001095,735767347.47
img_084.jpg,786.48,Camellia,0.005096,158023385.68,0.005032,160052494.30
img_085.jpg,926.24,AES,0.001546,613440728.80,0.001802,526351300.12
img_085.jpg,926.24,3DES,0.195688,4846849.40,0.193520,4901129.04
img_085.jpg,926.24,ChaCha20,0.001002,946956230.96,0.000819,1157452175.23
img_085.jpg,926.24,Camellia,0.006130,154732132.49,0.005500,172461227.13
img_086.jpg,826.80,AES,0.003874,218527626.29,0.001585,534076391.51
img_086.jpg,826.80,3DES,0.180314,4695386.59,0.178867,4733351.54
img_086.jpg,826.80,ChaCha20,0.001037,816714334.68,0.000854,991366255.49
img_086.jpg,826.80,Camellia,0.005352,158198152.41,0.005128,165112471.62
img_087.jpg,941.81,AES,0.001637,589054479.28,0.001550,622026312.36
img_087.jpg,941.81,3DES,0.198443,4859890.01,0.198570,4856785.70
img_087.jpg,941.81,ChaCha20,0.001051,917866373.78,0.000931,1035595778.10
img_087.jpg,941.81,Camellia,0.006460,149285396.71,0.005888,163806475.63
img_088.jpg,876.69,AES,0.001652,543338492.45,0.001315,682620694.83
img_088.jpg,876.69,3DES,0.185693,4834468.88,0.189010,4749624.10
img_088.jpg,876.69,ChaCha20,0.000958,936650684.75,0.000918,978009286.42
img_088.jpg,876.69,Camellia,0.006012,149329199.00,0.005352,167720968.94
img_089.jpg,884.63,AES,0.001530,592094934.23,0.001441,628427587.32
img_089.jpg,884.63,3DES,0.192511,4705515.50,0.192668,4701695.68
img_089.jpg,884.63,ChaCha20,0.000989,916198020.97,0.000947,956564247.98
img_089.jpg,884.63,Camellia,0.006150,147283528.82,0.005707,158734675.51
img_090.jpg,965.91,AES,0.002082,475153008.89,0.001657,597087063.99
img_090.jpg,965.91,3DES,0.203810,4853026.20,0.202413,4886506.47
img_090.jpg,965.91,ChaCha20,0.001048,943927399.45,0.000947,1044188502.54
img_090.jpg,965.91,Camellia,0.006048,163541645.47,0.005697,173601745.85
img_091.jpg,823.60,AES,0.001523,553745960.08,0.001301,648337462.05
img_091.jpg,823.60,3DES,0.179298,4703701.30,0.177223,4758772.97
img_091.jpg,823.60,ChaCha20,0.001001,842622485.22,0.000815,1035214864.78
img_091.jpg,823.60,Camellia,0.005320,158518001.03,0.005202,162136370.40
img_092.jpg,890.94,AES,0.001560,584831364.75,0.001526,597711905.59
img_092.jpg,890.94,3DES,0.189432,4816083.37,0.185884,4908025.14
img_092.jpg,890.94,ChaCha20,0.000980,931034457.32,0.001037,879869307.79
img_092.jpg,890.94,Camellia,0.005862,155639454.14,0.005322,171417444.77
img_093.jpg,927.33,AES,0.001882,504542253.92,0.001432,663256711.48
img_093.jpg,927.33,3DES,0.196202,4839848.53,0.200109,4745359.97
img_093.jpg,927.33,ChaCha20,0.001121,847416287.75,0.001154,823074303.05
img_093.jpg,927.33,Camellia,0.006502,146052678.86,0.005883,161419168.05
img_094.jpg,879.34,AES,0.001795,501694028.72,0.001429,630088863.56
img_094.jpg,879.34,3DES,0.190148,4735520.29,0.186682,4823426.57
img_094.jpg,879.34,ChaCha20,0.001223,736352631.74,0.001019,883864415.68
img_094.jpg,879.34,Camellia,0.006133,146818249.42,0.005503,163630373.39
img_095.jpg,879.80,AES,0.001344,670224931.78,0.001257,716890185.05
img_095.jpg,879.80,3DES,0.186416,4832850.10,0.184361,4886724.54
img_095.jpg,879.80,ChaCha20,0.000917,982764152.24,0.000854,1054626895.16
img_095.jpg,879.80,Camellia,0.006402,140734754.76,0.005690,158344291.21
img_096.jpg,981.51,AES,0.001847,544150712.13,0.001823,551410800.11
img_096.jpg,981.51,3DES,0.215237,4669556.55,0.216127,4650322.08
img_096.jpg,981.51,ChaCha20,0.001042,964653447.79,0.000978,1027177282.37
img_096.jpg,981.51,Camellia,0.006380,157542998.99,0.005968,168399135.81
img_097.jpg,1087.54,AES,0.001761,632406889.99,0.001651,674603883.52
img_097.jpg,1087.54,3DES,0.232115,4797806.50,0.231755,4805249.60
img_097.jpg,1087.54,ChaCha20,0.001022,1090071712.83,0.000893,1247251612.68
img_097.jpg,1087.54,Camellia,0.006993,159260707.47,0.006958,160051990.46
img_098.jpg,1078.69,AES,0.005982,184637300.59,0.002377,464779208.12
img_098.jpg,1078.69,3DES,0.240685,4589293.32,0.230293,4796394.67
img_098.jpg,1078.69,ChaCha20,0.000969,1139429204.75,0.000889,1242402560.07
img_098.jpg,1078.69,Camellia,0.006995,157904538.05,0.006429,171812317.69
img_099.jpg,1065.44,AES,0.001601,681464779.69,0.001525,715229133.42
img_099.jpg,1065.44,3DES,0.224450,4860821.82,0.222474,4903995.61
img_099.jpg,1065.44,ChaCha20,0.001112,980929473.88,0.000983,1109880183.28
img_099.jpg,1065.44,Camellia,0.007080,154096039.72,0.006387,170811347.36
img_100.jpg,935.46,AES,0.001539,622327906.97,0.001376,696196320.82
img_100.jpg,935.46,3DES,0.197943,4839297.07,0.209994,4561590.97
img_100.jpg,935.46,ChaCha20,0.001019,940044213.25,0.000957,1001432943.03
img_100.jpg,935.46,Camellia,0.006554,146147792.64,0.006183,154922070.16
text_001.txt,0.32,AES,0.000107,3101356.19,0.000085,3900585.23
text_001.txt,0.32,3DES,0.000354,938348.33,0.000319,1039961.86
text_001.txt,0.32,ChaCha20,0.000018,18566785.71,0.000008,39785969.37
text_001.txt,0.32,Camellia,0.000015,21757952.00,0.000010,34812723.20
text_002.txt,0.65,AES,0.000027,24363435.41,0.000011,59612661.11
text_002.txt,0.65,3DES,0.000170,3924082.73,0.000148,4519024.31
text_002.txt,0.65,ChaCha20,0.000013,50032054.86,0.000008,80051287.77
text_002.txt,0.65,Camellia,0.000015,45931066.75,0.000011,62262112.71
text_003.txt,0.98,AES,0.000036,28262290.04,0.000014,70184686.93
text_003.txt,0.98,3DES,0.000235,4270873.44,0.000218,4602274.55
text_003.txt,0.98,ChaCha20,0.000015,65798144.00,0.000009,113813005.84
text_003.txt,0.98,Camellia,0.000018,54689366.44,0.000014,71374257.90
text_004.txt,1.31,AES,0.000028,47630231.86,0.000013,106044667.17
text_004.txt,1.31,3DES,0.000294,4554592.67,0.000285,4707175.34
text_004.txt,1.31,ChaCha20,0.000014,95260463.73,0.000008,160581924.57
text_004.txt,1.31,Camellia,0.000018,73952202.11,0.000015,86467190.15
text_005.txt,1.64,AES,0.000022,74783547.91,0.000011,146451114.67
text_005.txt,1.64,3DES,0.000371,4523586.55,0.000354,4740157.45
text_005.txt,1.64,ChaCha20,0.000012,137836343.22,0.000008,213019803.15
text_005.txt,1.64,Camellia,0.000021,81740157.02,0.000017,100423621.49
text_006.txt,1.96,AES,0.000105,19179408.29,0.000035,57407752.71
text_006.txt,1.96,3DES,0.000775,2594999.89,0.000609,3305499.27
text_006.txt,1.96,ChaCha20,0.000023,86999377.81,0.000034,59850635.80
text_006.txt,1.96,Camellia,0.000034,58603747.56,0.000026,78868594.84
text_007.txt,2.29,AES,0.000098,23961619.93,0.000035,67453601.32
text_007.txt,2.29,3DES,0.001156,2031399.71,0.000995,2359987.01
text_007.txt,2.29,ChaCha20,0.000045,51832767.33,0.000021,110654222.38
text_007.txt,2.29,Camellia,0.000046,51561391.58,0.000034,69353702.76
text_008.txt,2.62,AES,0.000072,37525039.79,0.000028,94600940.64
text_008.txt,2.62,3DES,0.001055,2544645.56,0.000854,3142800.65
text_008.txt,2.62,ChaCha20,0.000021,129396688.92,0.000012,216490614.15
text_008.txt,2.62,Camellia,0.000038,70801961.86,0.000031,86596245.66
text_009.txt,2.95,AES,0.000058,51913106.89,0.000023,133334716.63
text_009.txt,2.95,3DES,0.000986,3064053.72,0.000792,3815300.63
text_009.txt,2.95,ChaCha20,0.000017,175927751.11,0.000010,287881774.55
text_009.txt,2.95,Camellia,0.000036,85012067.65,0.000027,111112263.86
text_010.txt,3.28,AES,0.000037,90231309.13,0.000015,223429908.32
text_010.txt,3.28,3DES,0.000791,4244898.74,0.000699,4802485.24
text_010.txt,3.28,ChaCha20,0.000019,175951052.80,0.000010,343319127.41
text_010.txt,3.28,Camellia,0.000033,100543458.74,0.000026,130334113.19
text_011.txt,3.61,AES,0.000059,62441009.55,0.000024,151817356.55
text_011.txt,3.61,3DES,0.001243,2969390.29,0.001198,3081052.60
text_011.txt,3.61,ChaCha20,0.000024,156417882.51,0.000015,249764038.19
text_011.txt,3.61,Camellia,0.000053,69131117.71,0.000044,83254679.40
text_012.txt,3.93,AES,0.000058,69240395.54,0.000024,170653096.08
text_012.txt,3.93,3DES,0.001293,3115370.92,0.001025,3928076.38
text_012.txt,3.93,ChaCha20,0.000016,248450831.06,0.000010,412064792.98
text_012.txt,3.93,Camellia,0.000038,106255701.33,0.000032,126079526.21
text_013.txt,4.26,AES,0.000072,60609081.64,0.000026,164900384.29
text_013.txt,4.26,3DES,0.001697,2572223.53,0.001800,2424684.42
text_013.txt,4.26,ChaCha20,0.000027,163428059.43,0.000015,285999104.00
text_013.txt,4.26,Camellia,0.000067,65138585.96,0.000057,76585534.13
text_014.txt,4.59,AES,0.000080,58496227.89,0.000031,151640221.54
text_014.txt,4.59,3DES,0.001853,2536768.60,0.001366,3441555.31
text_014.txt,4.59,ChaCha20,0.000020,234681295.24,0.000011,419430400.00
text_014.txt,4.59,Camellia,0.000049,95232989.37,0.000037,126366851.28
text_015.txt,4.92,AES,0.000069,73088287.00,0.000029,174566239.21
text_015.txt,4.92,3DES,0.001754,2871467.50,0.001275,3948871.74
text_015.txt,4.92,ChaCha20,0.000016,320038105.21,0.000013,398538017.81
text_015.txt,4.92,Camellia,0.000042,120700085.39,0.000035,144674759.89
text_016.txt,5.25,AES,0.000061,87672377.77,0.000021,258986219.40
text_016.txt,5.25,3DES,0.001455,3692527.22,0.001124,4778748.91
text_016.txt,5.25,ChaCha20,0.000014,375530018.13,0.000009,625883363.56
text_016.txt,5.25,Camellia,0.000041,130998843.53,0.000035,152241899.24
text_017.txt,5.57,AES,0.000070,81432269.50,0.000021,275184910.71
text_017.txt,5.57,3DES,0.001386,4119251.07,0.001148,4973221.28
text_017.txt,5.57,ChaCha20,0.000016,357329660.18,0.000010,570025886.48
text_017.txt,5.57,Camellia,0.000044,130825613.29,0.000038,151525868.56
text_018.txt,5.90,AES,0.000030,204438494.97,0.000012,487507180.31
text_018.txt,5.90,3DES,0.001624,3720882.63,0.001217,4965793.02
text_018.txt,5.90,ChaCha20,0.000017,357047512.34,0.000010,618301789.66
text_018.txt,5.90,Camellia,0.000046,130672027.71,0.000038,157455735.25
text_019.txt,6.23,AES,0.000028,228715038.63,0.000012,514608836.92
text_019.txt,6.23,3DES,0.001288,4951824.49,0.001268,5032849.26
text_019.txt,6.23,ChaCha20,0.000015,424756500.32,0.000010,622317663.26
text_019.txt,6.23,Camellia,0.000046,137229023.18,0.000040,158341180.59
text_020.txt,6.56,AES,0.000032,211796583.94,0.000014,485671476.97
text_020.txt,6.56,3DES,0.001415,4747041.74,0.001406,4776826.46
text_020.txt,6.56,ChaCha20,0.000025,265744770.42,0.000010,670689182.48
text_020.txt,6.56,Camellia,0.000053,126887142.63,0.000043,154774426.73
text_021.txt,6.89,AES,0.000052,134446508.22,0.000023,301818691.92
text_021.txt,6.89,3DES,0.001535,4594319.95,0.001514,4658722.92
text_021.txt,6.89,ChaCha20,0.000033,215899502.25,0.000013,537786032.87
text_021.txt,6.89,Camellia,0.000065,109144766.82,0.000050,142203037.54
text_022.txt,7.21,AES,0.000036,206583453.01,0.000015,507992097.57
text_022.txt,7.21,3DES,0.001633,4525046.43,0.001599,4621553.76
text_022.txt,7.21,ChaCha20,0.000024,309875179.52,0.000011,645573290.67
text_022.txt,7.21,Camellia,0.000058,127520650.01,0.000048,154937589.76
text_023.txt,7.54,AES,0.000031,245430334.06,0.000014,549098374.51
text_023.txt,7.54,3DES,0.001623,4760035.86,0.001610,4796684.05
text_023.txt,7.54,ChaCha20,0.000015,514234985.65,0.000010,753414048.74
text_023.txt,7.54,Camellia,0.000057,136121025.61,0.000050,154270495.70
text_024.txt,7.87,AES,0.000042,193177658.51,0.000015,536604606.98
text_024.txt,7.87,3DES,0.001688,4774871.50,0.001687,4778921.44
text_024.txt,7.87,ChaCha20,0.000018,456839057.30,0.000011,751246449.78
text_024.txt,7.87,Camellia,0.000060,134685618.49,0.000051,156509677.04
text_025.txt,8.20,AES,0.000038,218729045.86,0.000015,550240256.00
text_025.txt,8.20,3DES,0.001686,4980958.47,0.001685,4983778.15
text_025.txt,8.20,ChaCha20,0.000016,525602632.60,0.000010,838461342.48
text_025.txt,8.20,Camellia,0.000058,144325313.05,0.000052,162282840.48
text_026.txt,8.53,AES,0.000033,265396105.28,0.000014,631459698.76
text_026.txt,8.53,3DES,0.001807,4831749.67,0.001773,4924655.44
text_026.txt,8.53,ChaCha20,0.000019,457808281.60,0.000010,832378693.82
text_026.txt,8.53,Camellia,0.000062,140864086.65,0.000053,165722454.88
text_027.txt,8.86,AES,0.000043,212480160.18,0.000015,603713470.98
text_027.txt,8.86,3DES,0.001827,4962675.97,0.001802,5032276.88
text_027.txt,8.86,ChaCha20,0.000019,475424358.40,0.000011,792373930.67
text_027.txt,8.86,Camellia,0.000070,129367172.35,0.000053,169794413.71
text_028.txt,9.18,AES,0.000040,237609848.29,0.000021,443182413.66
text_028.txt,9.18,3DES,0.001875,5015670.75,0.001864,5044537.00
text_028.txt,9.18,ChaCha20,0.000018,533016686.70,0.000011,857461626.43
text_028.txt,9.18,Camellia,0.000064,147176249.31,0.000055,170749934.27
text_029.txt,9.51,AES,0.000042,232116596.36,0.000015,648452713.65
text_029.txt,9.51,3DES,0.001965,4957228.61,0.002120,4595334.19
text_029.txt,9.51,ChaCha20,0.000031,319160320.00,0.000013,756528165.93
text_029.txt,9.51,Camellia,0.000072,134826801.85,0.000061,158959225.53
text_030.txt,9.84,AES,0.000042,237425882.61,0.000022,454428033.38
text_030.txt,9.84,3DES,0.002448,4116276.14,0.002046,4924470.65
text_030.txt,9.84,ChaCha20,0.000020,515387891.51,0.000011,880454314.67
text_030.txt,9.84,Camellia,0.000080,125405955.80,0.000071,141818144.64
text_031.txt,10.17,AES,0.000089,117395411.96,0.000028,376474941.79
text_031.txt,10.17,3DES,0.002437,4272265.04,0.002331,4466260.30
text_031.txt,10.17,ChaCha20,0.000037,279942905.44,0.000015,715919561.44
text_031.txt,10.17,Camellia,0.000081,128444391.91,0.000063,165420807.76
text_032.txt,10.50,AES,0.000038,285318856.91,0.000027,395441924.49
text_032.txt,10.50,3DES,0.002150,4999487.57,0.002164,4966987.59
text_032.txt,10.50,ChaCha20,0.000017,644005419.89,0.000012,883929007.69
text_032.txt,10.50,Camellia,0.000071,150770499.64,0.000064,167585053.50
text_033.txt,10.82,AES,0.000041,268726390.38,0.000015,715225623.63
text_033.txt,10.82,3DES,0.002377,4663423.17,0.002426,4568110.99
text_033.txt,10.82,ChaCha20,0.000031,354882943.02,0.000014,801545957.52
text_033.txt,10.82,Camellia,0.000080,139190615.38,0.000068,163121633.46
text_034.txt,11.15,AES,0.000040,286820069.94,0.000021,532210574.22
text_034.txt,11.15,3DES,0.002271,5027705.65,0.002256,5061708.94
text_034.txt,11.15,ChaCha20,0.000017,665263217.78,0.000012,977529626.12
text_034.txt,11.15,Camellia,0.000081,141294842.71,0.000065,174813692.26
text_035.txt,11.48,AES,0.000031,385220608.00,0.000013,930344109.89
text_035.txt,11.48,3DES,0.002342,5019671.98,0.002531,4644272.19
text_035.txt,11.48,ChaCha20,0.000031,373547256.24,0.000014,850142031.45
text_035.txt,11.48,Camellia,0.000099,119102023.73,0.000083,140880679.50
text_036.txt,11.81,AES,0.000041,296593707.42,0.000015,792461312.00
text_036.txt,11.81,3DES,0.002570,4705652.62,0.002521,4796890.57
text_036.txt,11.81,ChaCha20,0.000019,633969049.60,0.000013,939213406.81
text_036.txt,11.81,Camellia,0.000083,146160011.44,0.000073,165743542.38
text_037.txt,12.14,AES,0.000041,306628294.78,0.000015,801950924.80
text_037.txt,12.14,3DES,0.002625,4734926.89,0.002594,4791067.11
text_037.txt,12.14,ChaCha20,0.000019,659833039.39,0.000012,1002438656.00
text_037.txt,12.14,Camellia,0.000094,131633358.87,0.000075,166539329.43
text_038.txt,12.46,AES,0.000041,314918213.27,0.000015,849779305.65
text_038.txt,12.46,3DES,0.002700,4727249.12,0.002747,4646827.21
text_038.txt,12.46,ChaCha20,0.000033,385151771.63,0.000018,704422319.16
text_038.txt,12.46,Camellia,0.000113,113423932.75,0.000087,146674236.32
text_039.txt,12.79,AES,0.000041,323208131.76,0.000016,820080334.33
text_039.txt,12.79,3DES,0.002745,4771635.47,0.002739,4782850.14
text_039.txt,12.79,ChaCha20,0.000019,686817280.00,0.000012,1077360439.22
text_039.txt,12.79,Camellia,0.000098,134013127.80,0.000077,169584513.58
text_040.txt,13.12,AES,0.000046,293513898.67,0.000016,828745125.65
text_040.txt,13.12,3DES,0.002891,4647041.19,0.002802,4794917.77
text_040.txt,13.12,ChaCha20,0.000023,575047638.20,0.000013,1024630337.16
text_040.txt,13.12,Camellia,0.000106,126355759.07,0.000092,146756949.33
text_041.txt,13.45,AES,0.000042,326350026.49,0.000016,862148577.43
text_041.txt,13.45,3DES,0.002876,4788920.14,0.002862,4812459.78
text_041.txt,13.45,ChaCha20,0.000032,427881145.84,0.000015,902561792.00
text_041.txt,13.45,Camellia,0.000107,128364343.75,0.000078,176109617.95
text_042.txt,13.78,AES,0.000042,338132804.75,0.000018,799638389.62
text_042.txt,13.78,3DES,0.002981,4732723.41,0.002930,4815530.67
text_042.txt,13.78,ChaCha20,0.000020,696155774.49,0.000013,1056665014.86
text_042.txt,13.78,Camellia,0.000109,129199215.79,0.000084,168584731.72
text_043.txt,14.11,AES,0.000043,332871027.34,0.000017,865464671.09
text_043.txt,14.11,3DES,0.003072,4702517.04,0.002895,4989912.44
text_043.txt,14.11,ChaCha20,0.000026,560949323.85,0.000014,1009708782.93
text_043.txt,14.11,Camellia,0.000106,136447132.83,0.000082,175094008.60
text_044.txt,14.43,AES,0.000041,362525222.92,0.000016,925250942.09
text_044.txt,14.43,3DES,0.002960,4992897.32,0.003150,4691373.78
text_044.txt,14.43,ChaCha20,0.000036,405175249.15,0.000017,885597330.29
text_044.txt,14.43,Camellia,0.000117,125999620.16,0.000090,163566789.23
text_045.txt,14.76,AES,0.000042,362291995.79,0.000016,946285063.64
text_045.txt,14.76,3DES,0.003010,5021471.51,0.003037,4977710.55
text_045.txt,14.76,ChaCha20,0.000019,812834605.95,0.000012,1243158809.10
text_045.txt,14.76,Camellia,0.000096,158107479.46,0.000084,179606513.50
text_046.txt,15.09,AES,0.000034,453219478.38,0.000014,1117420438.07
text_046.txt,15.09,3DES,0.003123,4947735.35,0.003182,4856165.55
text_046.txt,15.09,ChaCha20,0.000080,192315683.70,0.000022,696885864.60
text_046.txt,15.09,Camellia,0.000103,150372123.92,0.000088,174691065.79
text_047.txt,15.42,AES,0.000040,394164711.62,0.000016,973818699.29
text_047.txt,15.42,3DES,0.003451,4575077.49,0.003289,4800266.15
text_047.txt,15.42,ChaCha20,0.000023,682677026.31,0.000014,1141718475.03
text_047.txt,15.42,Camellia,0.000122,129083180.41,0.000098,161906287.41
text_048.txt,15.75,AES,0.000038,420055637.86,0.000023,704468309.33
text_048.txt,15.75,3DES,0.003280,4915609.66,0.003243,4971620.80
text_048.txt,15.75,ChaCha20,0.000020,795634796.42,0.000013,1207659958.86
text_048.txt,15.75,Camellia,0.000101,159502258.72,0.000089,180343887.19
text_049.txt,16.07,AES,0.000054,305478955.04,0.000030,552305950.72
text_049.txt,16.07,3DES,0.003523,4672006.76,0.003314,4966065.59
text_049.txt,16.07,ChaCha20,0.000022,734449402.55,0.000013,1255240797.09
text_049.txt,16.07,Camellia,0.000123,134315649.49,0.000096,171736924.98
text_050.txt,16.40,AES,0.000042,402557314.19,0.000016,1067386817.94
text_050.txt,16.40,3DES,0.003466,4845751.13,0.003343,5024429.78
text_050.txt,16.40,ChaCha20,0.000022,749441808.34,0.000014,1214612585.93
text_050.txt,16.40,Camellia,0.000124,135215988.45,0.000100,167333800.44
text_051.txt,16.73,AES,0.000034,499005667.56,0.000014,1260645896.98
text_051.txt,16.73,3DES,0.003398,5042229.75,0.003699,4631441.58
text_051.txt,16.73,ChaCha20,0.000033,524502307.50,0.000015,1177980592.26
text_051.txt,16.73,Camellia,0.000130,131847369.04,0.000097,176552373.78
text_052.txt,17.06,AES,0.000038,457913139.20,0.000015,1144782848.00
text_052.txt,17.06,3DES,0.003484,5013418.80,0.003609,4839879.92
text_052.txt,17.06,ChaCha20,0.000031,563585402.09,0.000015,1144782848.00
text_052.txt,17.06,Camellia,0.000126,138761557.33,0.000097,180014993.30
text_053.txt,17.39,AES,0.000041,429168898.94,0.000016,1131445279.03
text_053.txt,17.39,3DES,0.003579,4974048.39,0.003734,4767629.98
text_053.txt,17.39,ChaCha20,0.000031,565722639.52,0.000015,1148852129.48
text_053.txt,17.39,Camellia,0.000112,159222576.58,0.000099,180375334.34
text_054.txt,17.71,AES,0.000042,432299287.27,0.000016,1118892272.94
text_054.txt,17.71,3DES,0.003806,4766314.26,0.003699,4904575.17
text_054.txt,17.71,ChaCha20,0.000032,563590181.93,0.000015,1170533454.77
text_054.txt,17.71,Camellia,0.000115,157199740.83,0.000100,181153987.05
text_055.txt,18.04,AES,0.000041,447941969.39,0.000017,1107056581.49
text_055.txt,18.04,3DES,0.003688,5009629.63,0.003653,5058352.53
text_055.txt,18.04,ChaCha20,0.000022,851581985.76,0.000014,1313456961.08
text_055.txt,18.04,Camellia,0.000136,135716218.40,0.000106,174929933.87
text_056.txt,18.37,AES,0.000036,526021645.65,0.000014,1360400807.72
text_056.txt,18.37,3DES,0.003904,4818224.65,0.003917,4803265.77
text_056.txt,18.37,ChaCha20,0.000033,567649257.90,0.000015,1213896105.35
text_056.txt,18.37,Camellia,0.000119,157806493.70,0.000103,181804716.24
text_057.txt,18.70,AES,0.000044,436481157.57,0.000018,1085304499.89
text_057.txt,18.70,3DES,0.003884,4929871.28,0.003860,4961238.76
text_057.txt,18.70,ChaCha20,0.000026,743634564.74,0.000015,1316598901.51
text_057.txt,18.70,Camellia,0.000121,158720420.93,0.000108,177682595.12
text_058.txt,19.03,AES,0.000038,510761369.60,0.000016,1238209380.85
text_058.txt,19.03,3DES,0.004015,4852551.46,0.003888,5011456.38
text_058.txt,19.03,ChaCha20,0.000024,825472920.57,0.000015,1339701953.05
text_058.txt,19.03,Camellia,0.000122,160238861.05,0.000107,182822861.60
text_059.txt,19.36,AES,0.000045,444551365.13,0.000017,1154598684.44
text_059.txt,19.36,3DES,0.004127,4802490.20,0.003964,5000066.48
text_059.txt,19.36,ChaCha20,0.000025,784255710.19,0.000015,1319541353.65
text_059.txt,19.36,Camellia,0.000147,134953092.99,0.000120,165270587.04
text_060.txt,19.68,AES,0.000048,416455130.17,0.000017,1207719877.49
text_060.txt,19.68,3DES,0.004121,4891534.54,0.004042,4986751.10
text_060.txt,19.68,ChaCha20,0.000024,837033578.46,0.000015,1341910974.98
text_060.txt,19.68,Camellia,0.000141,143046347.59,0.000111,182199119.45
text_061.txt,20.01,AES,0.000047,438518763.10,0.000019,1101918943.18
text_061.txt,20.01,3DES,0.004109,4986637.13,0.004075,5029238.01
text_061.txt,20.01,ChaCha20,0.000026,803268014.65,0.000015,1342963712.00
text_061.txt,20.01,Camellia,0.000151,135781481.15,0.000112,182871654.40
text_062.txt,20.34,AES,0.000066,315375320.26,0.000023,919568039.07
text_062.txt,20.34,3DES,0.004473,4656412.97,0.004392,4742614.75
text_062.txt,20.34,ChaCha20,0.000037,559993357.13,0.000016,1284690642.82
text_062.txt,20.34,Camellia,0.000131,158834479.48,0.000117,177920496.36
text_063.txt,20.67,AES,0.000049,433015852.96,0.000018,1168003287.58
text_063.txt,20.67,3DES,0.004286,4937604.29,0.004261,4966611.64
text_063.txt,20.67,ChaCha20,0.000026,829609811.74,0.000016,1344973482.67
text_063.txt,20.67,Camellia,0.000155,136566538.24,0.000122,173375488.00
text_064.txt,21.00,AES,0.000048,446423445.54,0.000017,1235308712.33
text_064.txt,21.00,3DES,0.004650,4624014.77,0.004485,4793362.89
text_064.txt,21.00,ChaCha20,0.000028,777392551.72,0.000018,1202367146.67
text_064.txt,21.00,Camellia,0.000141,152584663.28,0.000122,176128000.00
text_065.txt,21.32,AES,0.000048,457934110.72,0.000018,1205089765.05
text_065.txt,21.32,3DES,0.004562,4786100.66,0.004527,4823405.42
text_065.txt,21.32,ChaCha20,0.000023,954029397.33,0.000016,1366967494.69
text_065.txt,21.32,Camellia,0.000162,134686503.15,0.000126,173459890.42
text_066.txt,21.65,AES,0.000088,250663364.66,0.000035,636959645.81
text_066.txt,21.65,3DES,0.004695,4722052.82,0.004462,4968537.07
text_066.txt,21.65,ChaCha20,0.000032,688860061.39,0.000017,1309804342.08
text_066.txt,21.65,Camellia,0.000152,145990750.84,0.000120,184150709.48
text_067.txt,21.98,AES,0.000079,286076952.82,0.000019,1165498696.69
text_067.txt,21.98,3DES,0.004510,4991033.28,0.004659,4830650.08
text_067.txt,21.98,ChaCha20,0.000041,555325849.60,0.000019,1210325569.64
text_067.txt,21.98,Camellia,0.000158,142606336.00,0.000124,181898640.52
text_068.txt,22.31,AES,0.000049,462872853.02,0.000054,425843024.78
text_068.txt,22.31,3DES,0.004609,4956529.96,0.004551,5019103.23
text_068.txt,22.31,ChaCha20,0.000023,977700822.20,0.000016,1451737584.48
text_068.txt,22.31,Camellia,0.000166,137270316.01,0.000124,184970425.82
text_069.txt,22.64,AES,0.000054,426420906.67,0.000019,1230683123.04
text_069.txt,22.64,3DES,0.004705,4926723.76,0.004658,4976402.04
text_069.txt,22.64,ChaCha20,0.000027,860389086.02,0.000016,1429764216.47
text_069.txt,22.64,Camellia,0.000174,133549404.84,0.000132,175811874.72
text_070.txt,22.96,AES,0.000062,377905183.39,0.000018,1315110038.19
text_070.txt,22.96,3DES,0.004715,4987018.55,0.004924,4775966.15
text_070.txt,22.96,ChaCha20,0.000041,573449144.56,0.000019,1217694479.80
text_070.txt,22.96,Camellia,0.000168,139905323.21,0.000127,185750005.39
text_071.txt,23.29,AES,0.000062,386264629.37,0.000018,1333900520.11
text_071.txt,23.29,3DES,0.004743,5029032.27,0.004711,5062625.32
text_071.txt,23.29,ChaCha20,0.000023,1042109781.33,0.000016,1515796045.58
text_071.txt,23.29,Camellia,0.000154,154625253.49,0.000129,185607679.05
text_072.txt,23.62,AES,0.000047,509808166.59,0.000029,838444835.97
text_072.txt,23.62,3DES,0.005136,4709926.89,0.004870,4966798.45
text_072.txt,23.62,ChaCha20,0.000030,798833268.91,0.000019,1300664425.03
text_072.txt,23.62,Camellia,0.000159,152101686.88,0.000131,184793852.74
text_073.txt,23.95,AES,0.000069,354693487.23,0.000018,1335858588.26
text_073.txt,23.95,3DES,0.004965,4939783.47,0.004936,4968655.75
text_073.txt,23.95,ChaCha20,0.000031,803602432.00,0.000018,1390015017.51
text_073.txt,23.95,Camellia,0.000162,151489118.26,0.000132,186005626.21
text_074.txt,24.28,AES,0.000062,402588407.10,0.000021,1212446481.86
text_074.txt,24.28,3DES,0.004929,5043308.22,0.005018,4953698.39
text_074.txt,24.28,ChaCha20,0.000034,724099982.22,0.000018,1354161005.71
text_074.txt,24.28,Camellia,0.000153,162414949.28,0.000134,185204968.81
text_075.txt,24.61,AES,0.000050,505644419.06,0.000019,1337717513.72
text_075.txt,24.61,3DES,0.005069,4970588.57,0.004995,5044135.53
text_075.txt,24.61,ChaCha20,0.000026,987660594.24,0.000017,1488446247.66
text_075.txt,24.61,Camellia,0.000160,157261433.90,0.000135,186713221.88
text_076.txt,24.93,AES,0.000049,524945930.04,0.000018,1390765840.62
text_076.txt,24.93,3DES,0.005195,4914818.01,0.005103,5003689.83
text_076.txt,24.93,ChaCha20,0.000027,956151515.43,0.000016,1574837790.12
text_076.txt,24.93,Camellia,0.000165,154529537.85,0.000137,186241686.48
text_077.txt,25.26,AES,0.000065,397429508.69,0.000021,1232934725.82
text_077.txt,25.26,3DES,0.005254,4923905.42,0.005145,5027489.73
text_077.txt,25.26,ChaCha20,0.000026,986347780.65,0.000017,1549975083.89
text_077.txt,25.26,Camellia,0.000175,147616674.66,0.000157,164890966.37
text_078.txt,25.59,AES,0.000051,511197869.84,0.000021,1263305080.64
text_078.txt,25.59,3DES,0.005418,4836202.68,0.005276,4966899.04
text_078.txt,25.59,ChaCha20,0.000032,814129940.86,0.000018,1446151868.63
text_078.txt,25.59,Camellia,0.000162,162105519.20,0.000258,101390721.42
text_079.txt,25.92,AES,0.000069,386516764.44,0.000023,1159550293.33
text_079.txt,25.92,3DES,0.005327,4982625.14,0.005336,4973720.04
text_079.txt,25.92,ChaCha20,0.000030,876510457.95,0.000017,1546067057.78
text_079.txt,25.92,Camellia,0.000187,141804876.64,0.000145,183388514.27
text_080.txt,26.25,AES,0.000063,425381563.41,0.000022,1225283851.13
text_080.txt,26.25,3DES,0.005529,4861189.11,0.005388,4988322.61
text_080.txt,26.25,ChaCha20,0.000028,947278271.46,0.000017,1544193346.63
text_080.txt,26.25,Camellia,0.000172,156564047.64,0.000145,185404793.26
text_081.txt,26.57,AES,0.000073,371776548.69,0.000034,809470925.16
text_081.txt,26.57,3DES,0.005425,5016058.73,0.005483,4963056.07
text_081.txt,26.57,ChaCha20,0.000041,663577909.58,0.000019,1444751904.41
text_081.txt,26.57,Camellia,0.000166,163752367.93,0.000146,186191517.86
text_082.txt,26.90,AES,0.000068,406847488.00,0.000021,1328099845.89
text_082.txt,26.90,3DES,0.005534,4978014.16,0.005595,4923499.51
text_082.txt,26.90,ChaCha20,0.000045,611347548.11,0.000022,1229198793.53
text_082.txt,26.90,Camellia,0.000187,147566649.54,0.000149,184871498.55
text_083.txt,27.23,AES,0.000058,479319560.39,0.000019,1499409906.87
text_083.txt,27.23,3DES,0.005571,5004877.30,0.005685,4905170.19
text_083.txt,27.23,ChaCha20,0.000035,795605256.71,0.000020,1409084008.87
text_083.txt,27.23,Camellia,0.000183,152681426.55,0.000149,186529462.10
text_084.txt,27.56,AES,0.000050,566331382.20,0.000032,876764880.59
text_084.txt,27.56,3DES,0.005633,5009660.93,0.005602,5037806.29
text_084.txt,27.56,ChaCha20,0.000025,1138108258.46,0.000018,1599503498.38
text_084.txt,27.56,Camellia,0.000198,142606336.00,0.000150,187878188.70
text_085.txt,27.89,AES,0.000040,708713284.17,0.000017,1686937253.86
text_085.txt,27.89,3DES,0.006424,4445404.93,0.006256,4564850.41
text_085.txt,27.89,ChaCha20,0.000068,421734313.46,0.000024,1174240637.49
text_085.txt,27.89,Camellia,0.000191,149156344.99,0.000166,171593904.05
text_086.txt,28.21,AES,0.000069,420770247.11,0.000028,1035742146.74
text_086.txt,28.21,3DES,0.006274,4605047.74,0.006154,4694786.58
text_086.txt,28.21,ChaCha20,0.000061,475222867.33,0.000021,1409091060.09
text_086.txt,28.21,Camellia,0.000196,147065329.09,0.000164,176649899.66
text_087.txt,28.54,AES,0.000081,361625714.78,0.000024,1213773438.73
text_087.txt,28.54,3DES,0.006512,4488379.79,0.006475,4513830.31
text_087.txt,28.54,ChaCha20,0.000053,549735952.07,0.000023,1263825951.67
text_087.txt,28.54,Camellia,0.000223,131253872.93,0.000176,166338015.35
text_088.txt,28.87,AES,0.000091,324608386.01,0.000025,1169815126.94
text_088.txt,28.87,3DES,0.006550,4513372.77,0.006596,4482050.29
text_088.txt,28.87,ChaCha20,0.000063,471484423.79,0.000022,1362641796.22
text_088.txt,28.87,Camellia,0.000205,144186515.65,0.000176,168250208.22
text_089.txt,29.20,AES,0.000096,310420023.76,0.000037,814348633.77
text_089.txt,29.20,3DES,0.006856,4361317.67,0.006923,4318812.92
text_089.txt,29.20,ChaCha20,0.000062,486084068.22,0.000023,1320101995.79
text_089.txt,29.20,Camellia,0.000209,142835637.36,0.000183,163293866.67
text_090.txt,29.53,AES,0.000068,444978862.26,0.000022,1393615118.07
text_090.txt,29.53,3DES,0.006985,4328440.42,0.006739,4486467.46
text_090.txt,29.53,ChaCha20,0.000052,579082081.02,0.000020,1491987949.93
text_090.txt,29.53,Camellia,0.000196,153906523.96,0.000169,178870205.56
text_091.txt,29.86,AES,0.000077,395766240.40,0.000022,1393785455.30
text_091.txt,29.86,3DES,0.006470,4725218.77,0.006385,4787852.36
text_091.txt,29.86,ChaCha20,0.000038,806467055.90,0.000020,1508567786.92
text_091.txt,29.86,Camellia,0.000222,137731752.83,0.000172,178094808.18
text_092.txt,30.18,AES,0.000062,500531073.48,0.000022,1409103782.96
text_092.txt,30.18,3DES,0.006516,4743242.03,0.006817,4533732.53
text_092.txt,30.18,ChaCha20,0.000114,270078225.07,0.000026,1178523163.93
text_092.txt,30.18,Camellia,0.000210,147482989.80,0.000173,178810411.08
text_093.txt,30.51,AES,0.000067,469701914.61,0.000028,1120058411.76
text_093.txt,30.51,3DES,0.006644,4702750.10,0.006947,4497300.33
text_093.txt,30.51,ChaCha20,0.000089,349458224.47,0.000031,1023803392.00
text_093.txt,30.51,Camellia,0.000261,119896463.11,0.000220,141825578.11
text_094.txt,30.84,AES,0.000085,369989162.91,0.000036,883040802.13
text_094.txt,30.84,3DES,0.007028,4493236.55,0.006979,4525010.94
text_094.txt,30.84,ChaCha20,0.000055,575896175.30,0.000022,1455561761.76
text_094.txt,30.84,Camellia,0.000217,145396399.91,0.000187,169164904.62
text_095.txt,31.17,AES,0.000086,369793940.51,0.000032,1006506815.52
text_095.txt,31.17,3DES,0.007111,4488061.37,0.007414,4304630.73
text_095.txt,31.17,ChaCha20,0.000093,345013934.19,0.000026,1251078565.08
text_095.txt,31.17,Camellia,0.000224,142258667.87,0.000190,168172621.19
text_096.txt,31.50,AES,0.000071,452423721.10,0.000049,663111238.27
text_096.txt,31.50,3DES,0.007334,4397317.97,0.006913,4665609.87
text_096.txt,31.50,ChaCha20,0.000083,389840612.70,0.000037,878407094.86
text_096.txt,31.50,Camellia,0.000230,140326444.61,0.000196,164567752.56
text_097.txt,31.82,AES,0.000109,299745567.44,0.000050,653990328.96
text_097.txt,31.82,3DES,0.007667,4250520.22,0.007053,4620511.76
text_097.txt,31.82,ChaCha20,0.000057,571899492.69,0.000026,1253981456.44
text_097.txt,31.82,Camellia,0.000244,133610927.42,0.000193,169163340.04
text_098.txt,32.15,AES,0.000092,358683804.92,0.000039,847197944.15
text_098.txt,32.15,3DES,0.007273,4527054.32,0.007382,4459800.57
text_098.txt,32.15,ChaCha20,0.000075,438391317.13,0.000031,1046161097.70
text_098.txt,32.15,Camellia,0.000223,147851461.34,0.000192,171757792.16
text_099.txt,32.48,AES,0.000077,429238618.58,0.000030,1107163103.49
text_099.txt,32.48,3DES,0.007327,4539177.79,0.007112,4676899.26
text_099.txt,32.48,ChaCha20,0.000065,512877025.88,0.000023,1438170629.28
text_099.txt,32.48,Camellia,0.000224,148565017.08,0.000185,179309191.57
text_100.txt,32.81,AES,0.000073,457505964.88,0.000047,711675945.37
text_100.txt,32.81,3DES,0.007153,4696591.58,0.007063,4756517.71
text_100.txt,32.81,ChaCha20,0.000038,886237969.71,0.000023,1437875889.63
text_100.txt,32.81,Camellia,0.000221,152008454.35,0.000187,179277146.54
